departement,mois,normale_temperature,normale_precipitation,normale_vent,normale_ensoleillement
Ain,1,2.4,108.1,1.8,75.4
Ain,2,3.3,89.8,2.0,102.7
Ain,3,7.1,90.2,2.2,166.4
Ain,4,10.4,96.0,2.3,188.0
Ain,5,14.4,110.2,2.1,211.8
Ain,6,18.1,93.0,2.0,244.4
Ain,7,20.2,94.5,1.9,273.8
Ain,8,19.9,91.4,1.8,247.6
Ain,9,15.8,105.3,1.7,186.2
Ain,10,11.8,128.4,1.7,120.8
Ain,11,6.4,133.1,1.7,76.8
Ain,12,3.1,124.7,1.8,63.3
Aisne,1,3.5,69.2,4.3,62.8
Aisne,2,4.1,58.8,4.2,79.5
Aisne,3,7.2,57.5,4.0,133.4
Aisne,4,10.1,48.6,3.6,179.9
Aisne,5,13.7,64.2,3.3,206.3
Aisne,6,16.7,61.8,3.1,204.1
Aisne,7,18.9,67.1,3.1,216.4
Aisne,8,18.7,71.6,3.0,207.5
Aisne,9,15.3,55.0,3.1,166.8
Aisne,10,11.5,67.0,3.6,116.1
Aisne,11,7.0,67.3,3.8,67.0
Aisne,12,4.1,86.5,4.2,54.3
Allier,1,3.9,58.9,2.9,73.2
Allier,2,4.4,48.8,3.0,99.1
Allier,3,7.7,51.3,3.0,157.2
Allier,4,10.4,69.1,2.8,181.1
Allier,5,14.3,83.9,2.6,205.5
Allier,6,18.0,70.6,2.4,226.6
Allier,7,20.1,69.9,2.4,252.2
Allier,8,20.0,70.8,2.2,236.9
Allier,9,16.0,70.6,2.2,187.7
Allier,10,12.3,72.2,2.4,126.7
Allier,11,7.3,77.9,2.6,80.0
Allier,12,4.5,64.6,2.9,63.1
Alpes-Maritimes,1,4.8,80.8,2.6,155.6
Alpes-Maritimes,2,5.1,58.6,2.6,165.3
Alpes-Maritimes,3,7.8,62.6,2.7,216.0
Alpes-Maritimes,4,10.3,86.4,2.6,221.1
Alpes-Maritimes,5,14.5,70.6,2.5,256.5
Alpes-Maritimes,6,18.3,54.9,2.4,290.0
Alpes-Maritimes,7,21.0,35.6,2.4,331.5
Alpes-Maritimes,8,21.2,38.9,2.3,308.4
Alpes-Maritimes,9,17.2,92.4,2.4,240.8
Alpes-Maritimes,10,13.3,140.0,2.4,185.9
Alpes-Maritimes,11,8.7,155.5,2.5,149.9
Alpes-Maritimes,12,5.5,97.6,2.6,147.1
Alpes-de-Haute-Provence,1,1.6,62.2,2.1,167.3
Alpes-de-Haute-Provence,2,2.4,46.2,2.3,183.0
Alpes-de-Haute-Provence,3,5.7,54.2,2.5,228.8
Alpes-de-Haute-Provence,4,8.5,76.2,2.5,227.7
Alpes-de-Haute-Provence,5,13.0,78.0,2.3,262.9
Alpes-de-Haute-Provence,6,17.0,65.4,2.3,302.9
Alpes-de-Haute-Provence,7,19.6,46.0,2.4,341.3
Alpes-de-Haute-Provence,8,19.4,54.4,2.3,310.2
Alpes-de-Haute-Provence,9,15.1,84.4,2.1,247.8
Alpes-de-Haute-Provence,10,11.1,103.3,1.9,195.8
Alpes-de-Haute-Provence,11,5.9,116.8,2.0,155.3
Alpes-de-Haute-Provence,12,2.1,72.6,2.0,148.3
Ardennes,1,2.9,93.2,3.5,51.2
Ardennes,2,3.5,75.6,3.3,73.1
Ardennes,3,6.7,71.2,3.3,129.3
Ardennes,4,9.8,56.4,2.9,176.9
Ardennes,5,13.6,69.3,2.7,197.6
Ardennes,6,16.7,69.4,2.6,208.7
Ardennes,7,18.8,73.5,2.5,215.8
Ardennes,8,18.5,78.9,2.3,201.1
Ardennes,9,14.9,64.9,2.5,155.3
Ardennes,10,11.0,80.9,2.9,97.3
Ardennes,11,6.4,83.1,3.1,49.3
Ardennes,12,3.5,109.8,3.4,42.4
Ardèche,1,3.8,95.6,3.0,103.2
Ardèche,2,4.5,63.1,3.2,126.7
Ardèche,3,8.0,69.7,3.3,184.4
Ardèche,4,10.8,99.4,3.3,195.7
Ardèche,5,14.6,103.5,3.1,227.4
Ardèche,6,18.6,72.0,2.9,264.2
Ardèche,7,21.2,62.2,2.9,287.8
Ardèche,8,20.9,70.7,2.7,260.4
Ardèche,9,16.7,139.5,2.7,203.1
Ardèche,10,12.5,180.7,2.7,133.4
Ardèche,11,7.5,186.0,3.0,99.6
Ardèche,12,4.4,105.0,2.9,90.3
Ariège,1,3.5,97.3,2.8,109.3
Ariège,2,4.0,79.2,3.0,127.9
Ariège,3,6.7,78.1,3.1,165.7
Ariège,4,9.4,102.9,3.0,166.8
Ariège,5,13.3,111.4,2.7,183.3
Ariège,6,16.9,87.6,2.4,196.6
Ariège,7,19.1,66.5,2.3,217.5
Ariège,8,19.3,68.3,2.2,214.7
Ariège,9,15.9,77.4,2.2,190.8
Ariège,10,12.5,82.9,2.4,154.4
Ariège,11,7.4,110.0,2.6,114.4
Ariège,12,4.4,82.7,2.7,107.3
Aube,1,3.5,62.4,3.7,65.8
Aube,2,4.2,56.6,3.6,91.3
Aube,3,7.3,56.0,3.5,149.9
Aube,4,10.3,56.4,3.1,194.1
Aube,5,14.1,71.4,2.8,217.7
Aube,6,17.5,60.2,2.6,234.0
Aube,7,19.8,61.8,2.7,243.8
Aube,8,19.5,62.1,2.6,231.6
Aube,9,15.7,60.2,2.7,183.4
Aube,10,11.8,75.2,3.0,123.5
Aube,11,7.1,70.5,3.2,70.2
Aube,12,4.2,76.9,3.7,58.1
Aude,1,6.3,82.4,4.7,102.9
Aude,2,6.9,63.3,4.9,126.9
Aude,3,9.7,68.8,5.0,179.8
Aude,4,12.1,84.6,4.9,195.3
Aude,5,15.6,74.1,4.5,225.0
Aude,6,19.6,49.6,4.3,253.3
Aude,7,22.2,33.2,4.3,284.4
Aude,8,22.3,42.0,4.0,268.8
Aude,9,18.6,60.2,3.9,213.7
Aude,10,14.8,85.2,4.1,152.1
Aude,11,9.9,91.7,4.5,107.1
Aude,12,7.1,76.9,4.5,98.8
Aveyron,1,3.7,92.0,3.6,96.0
Aveyron,2,4.2,71.0,3.8,127.6
Aveyron,3,7.3,74.9,4.1,172.0
Aveyron,4,9.8,99.3,4.0,186.6
Aveyron,5,13.6,97.2,3.6,221.3
Aveyron,6,17.4,73.2,3.3,262.9
Aveyron,7,19.8,56.6,3.2,295.6
Aveyron,8,19.8,67.4,3.0,266.8
Aveyron,9,15.9,87.8,3.1,210.0
Aveyron,10,12.3,99.1,3.4,141.2
Aveyron,11,7.3,107.7,3.6,100.7
Aveyron,12,4.5,99.8,3.6,97.6
Bas-Rhin,1,2.0,73.8,3.0,57.1
Bas-Rhin,2,2.9,65.2,3.0,86.2
Bas-Rhin,3,6.5,65.6,3.0,146.7
Bas-Rhin,4,10.4,54.3,2.6,188.0
Bas-Rhin,5,14.4,84.9,2.5,210.5
Bas-Rhin,6,17.8,75.2,2.3,226.7
Bas-Rhin,7,19.7,77.5,2.3,238.7
Bas-Rhin,8,19.4,70.8,2.1,222.1
Bas-Rhin,9,15.3,67.2,2.2,170.4
Bas-Rhin,10,10.8,80.4,2.4,100.6
Bas-Rhin,11,5.8,77.8,2.5,54.1
Bas-Rhin,12,2.8,88.8,3.0,44.4
Bouches-du-Rhône,1,6.8,56.0,3.7,149.6
Bouches-du-Rhône,2,7.3,35.8,3.9,173.8
Bouches-du-Rhône,3,10.4,35.1,4.0,233.8
Bouches-du-Rhône,4,13.1,59.3,4.0,249.1
Bouches-du-Rhône,5,17.0,45.0,3.7,296.7
Bouches-du-Rhône,6,21.1,30.8,3.5,336.6
Bouches-du-Rhône,7,23.7,14.7,3.6,371.5
Bouches-du-Rhône,8,23.6,27.5,3.3,331.3
Bouches-du-Rhône,9,19.5,82.1,3.4,260.9
Bouches-du-Rhône,10,15.6,85.8,3.4,192.8
Bouches-du-Rhône,11,10.6,85.0,3.6,148.8
Bouches-du-Rhône,12,7.5,52.4,3.7,139.5
Calvados,1,5.3,80.6,4.7,66.8
Calvados,2,5.6,65.2,4.6,89.0
Calvados,3,7.7,60.8,4.3,127.2
Calvados,4,9.9,60.8,3.8,177.4
Calvados,5,12.9,65.0,3.6,199.3
Calvados,6,15.8,61.6,3.3,207.5
Calvados,7,17.8,56.2,3.4,211.6
Calvados,8,17.9,66.8,3.3,195.9
Calvados,9,15.5,64.5,3.4,166.3
Calvados,10,12.3,88.3,3.9,114.6
Calvados,11,8.5,90.6,4.2,78.4
Calvados,12,5.8,102.2,4.6,64.6
Cantal,1,2.3,106.6,3.1,105.0
Cantal,2,2.7,90.0,3.2,127.1
Cantal,3,5.8,88.5,3.4,174.9
Cantal,4,8.3,109.2,3.3,180.1
Cantal,5,12.1,109.3,3.0,209.5
Cantal,6,15.8,90.1,2.7,239.4
Cantal,7,17.9,77.7,2.6,265.9
Cantal,8,17.9,87.6,2.4,248.6
Cantal,9,14.1,104.1,2.6,199.4
Cantal,10,10.7,113.0,2.9,145.9
Cantal,11,5.8,132.1,3.1,98.7
Cantal,12,3.1,125.6,3.2,97.5
Charente,1,5.9,80.1,3.3,81.2
Charente,2,6.4,62.3,3.3,113.4
Charente,3,9.4,60.7,3.4,162.3
Charente,4,11.8,69.7,3.2,181.0
Charente,5,15.4,69.8,2.9,210.3
Charente,6,18.7,67.6,2.6,234.8
Charente,7,20.6,49.7,2.5,250.9
Charente,8,20.7,57.3,2.3,240.1
Charente,9,17.4,66.9,2.4,196.3
Charente,10,13.9,80.9,2.7,138.5
Charente,11,9.1,95.6,2.9,93.7
Charente,12,6.4,96.2,3.2,82.9
Charente-Maritime,1,6.6,83.0,4.6,84.1
Charente-Maritime,2,7.0,61.8,4.6,120.5
Charente-Maritime,3,9.7,61.1,4.5,170.4
Charente-Maritime,4,12.0,65.9,4.4,206.1
Charente-Maritime,5,15.5,60.1,4.2,239.1
Charente-Maritime,6,18.7,54.3,4.0,259.3
Charente-Maritime,7,20.5,44.4,3.8,278.3
Charente-Maritime,8,20.5,51.3,3.7,262.9
Charente-Maritime,9,17.8,66.5,3.7,218.3
Charente-Maritime,10,14.4,87.9,4.0,143.9
Charente-Maritime,11,9.9,101.5,4.4,98.4
Charente-Maritime,12,7.1,98.3,4.6,79.5
Cher,1,4.3,66.3,3.6,65.2
Cher,2,4.8,55.7,3.6,92.2
Cher,3,8.1,56.3,3.5,153.8
Cher,4,10.7,66.0,3.3,183.2
Cher,5,14.5,76.8,3.0,214.2
Cher,6,18.1,59.9,2.9,227.3
Cher,7,20.2,64.0,2.9,247.6
Cher,8,20.1,60.0,2.7,236.9
Cher,9,16.2,64.0,2.8,192.1
Cher,10,12.5,75.2,2.9,124.3
Cher,11,7.7,75.1,3.2,75.8
Cher,12,4.8,76.9,3.6,59.5
Corrèze,1,3.8,112.7,2.0,87.1
Corrèze,2,4.3,93.3,2.2,113.7
Corrèze,3,7.4,94.0,2.4,165.8
Corrèze,4,9.9,112.5,2.3,178.6
Corrèze,5,13.6,107.0,2.1,210.8
Corrèze,6,17.1,92.6,2.0,235.7
Corrèze,7,19.0,79.2,1.8,254.4
Corrèze,8,18.9,81.7,1.7,245.3
Corrèze,9,15.3,95.3,1.7,200.2
Corrèze,10,11.9,107.0,1.9,139.3
Corrèze,11,7.1,129.1,1.9,88.5
Corrèze,12,4.5,129.6,2.0,82.5
Corse-du-Sud,1,6.8,91.8,3.5,132.3
Corse-du-Sud,2,6.7,78.3,3.6,147.0
Corse-du-Sud,3,8.9,79.8,3.8,198.4
Corse-du-Sud,4,11.4,80.9,3.6,221.6
Corse-du-Sud,5,15.6,66.7,3.2,276.9
Corse-du-Sud,6,19.7,35.3,3.2,319.8
Corse-du-Sud,7,22.5,18.3,3.3,361.0
Corse-du-Sud,8,22.9,23.3,3.1,329.4
Corse-du-Sud,9,19.0,74.9,3.2,246.0
Corse-du-Sud,10,15.4,114.1,3.3,192.4
Corse-du-Sud,11,11.0,153.3,3.4,133.7
Corse-du-Sud,12,7.8,128.1,3.6,123.9
Creuse,1,3.6,89.5,3.2,69.2
Creuse,2,4.0,76.5,3.2,96.8
Creuse,3,7.0,76.2,3.1,147.0
Creuse,4,9.4,91.8,2.9,169.8
Creuse,5,13.1,96.7,2.5,195.2
Creuse,6,16.7,83.0,2.3,207.2
Creuse,7,18.6,76.9,2.2,245.7
Creuse,8,18.6,73.8,2.1,235.4
Creuse,9,14.9,83.2,2.3,188.1
Creuse,10,11.6,87.8,2.6,121.1
Creuse,11,6.9,99.8,2.9,77.6
Creuse,12,4.3,99.8,3.2,69.1
Côte-d'Or,1,2.7,74.7,3.3,63.7
Côte-d'Or,2,3.6,61.8,3.3,93.4
Côte-d'Or,3,7.1,63.4,3.4,152.6
Côte-d'Or,4,10.2,67.4,3.1,190.1
Côte-d'Or,5,14.0,81.9,2.8,208.9
Côte-d'Or,6,17.7,72.0,2.7,235.1
Côte-d'Or,7,19.9,72.5,2.6,249.3
Côte-d'Or,8,19.7,66.2,2.5,232.1
Côte-d'Or,9,15.6,69.3,2.6,183.5
Côte-d'Or,10,11.5,84.1,2.8,116.4
Côte-d'Or,11,6.3,88.4,3.0,67.7
Côte-d'Or,12,3.4,83.9,3.4,54.5
Côtes-d'Armor,1,6.3,98.2,4.9,64.7
Côtes-d'Armor,2,6.5,81.9,4.7,85.8
Côtes-d'Armor,3,8.2,65.8,4.5,126.8
Côtes-d'Armor,4,10.0,68.4,4.2,172.6
Côtes-d'Armor,5,12.9,63.1,3.9,194.7
Côtes-d'Armor,6,15.6,55.8,3.6,206.6
Côtes-d'Armor,7,17.6,50.2,3.5,209.2
Côtes-d'Armor,8,17.7,56.2,3.4,188.4
Côtes-d'Armor,9,15.6,61.8,3.6,166.1
Côtes-d'Armor,10,12.7,96.7,4.0,108.7
Côtes-d'Armor,11,9.2,105.8,4.3,77.3
Côtes-d'Armor,12,6.8,113.7,4.7,64.1
Deux-Sèvres,1,5.5,89.1,3.9,75.3
Deux-Sèvres,2,6.0,66.7,3.8,108.4
Deux-Sèvres,3,8.8,63.5,3.8,159.3
Deux-Sèvres,4,11.2,65.1,3.5,187.5
Deux-Sèvres,5,14.8,64.7,3.2,219.3
Deux-Sèvres,6,18.2,55.0,3.0,241.6
Deux-Sèvres,7,20.2,50.3,2.9,256.3
Deux-Sèvres,8,20.2,51.0,2.8,245.9
Deux-Sèvres,9,17.0,62.7,2.9,201.3
Deux-Sèvres,10,13.4,91.0,3.1,132.7
Deux-Sèvres,11,8.8,93.5,3.4,91.0
Deux-Sèvres,12,5.9,99.9,3.8,74.7
Dordogne,1,5.7,84.3,2.6,82.5
Dordogne,2,6.3,67.7,2.8,112.6
Dordogne,3,9.5,67.4,2.9,166.7
Dordogne,4,12.0,85.4,2.8,182.8
Dordogne,5,15.6,80.3,2.5,211.6
Dordogne,6,19.0,73.1,2.3,235.2
Dordogne,7,20.9,55.1,2.3,256.2
Dordogne,8,20.9,63.5,2.1,244.6
Dordogne,9,17.4,70.8,2.2,202.5
Dordogne,10,13.9,78.5,2.3,139.6
Dordogne,11,8.9,94.3,2.5,92.8
Dordogne,12,6.2,94.4,2.6,80.7
Doubs,1,1.0,108.8,2.6,70.9
Doubs,2,1.7,99.1,2.6,96.7
Doubs,3,5.1,101.6,2.6,151.6
Doubs,4,8.5,99.4,2.3,182.0
Doubs,5,12.5,127.3,2.2,206.7
Doubs,6,16.1,113.3,2.0,230.6
Doubs,7,18.1,112.8,2.0,248.8
Doubs,8,17.9,115.4,1.9,235.4
Doubs,9,14.0,107.9,1.9,180.7
Doubs,10,10.1,125.6,2.1,128.3
Doubs,11,5.0,125.6,2.2,75.9
Doubs,12,1.8,136.0,2.6,59.8
Drôme,1,4.1,68.8,2.8,101.3
Drôme,2,4.8,50.8,3.0,128.6
Drôme,3,8.4,58.3,3.1,182.7
Drôme,4,11.5,81.7,3.1,192.1
Drôme,5,15.4,85.3,2.9,229.7
Drôme,6,19.4,63.9,2.8,266.6
Drôme,7,21.8,56.6,2.8,301.6
Drôme,8,21.6,64.1,2.6,268.3
Drôme,9,17.3,105.8,2.6,205.0
Drôme,10,13.3,118.6,2.6,148.6
Drôme,11,8.0,120.1,2.8,99.9
Drôme,12,4.6,68.0,2.8,86.9
Essonne,1,4.3,53.3,3.7,59.1
Essonne,2,4.8,47.6,3.5,83.3
Essonne,3,7.9,48.4,3.5,139.1
Essonne,4,10.7,48.1,3.3,183.2
Essonne,5,14.2,65.9,3.1,211.4
Essonne,6,17.5,56.8,3.0,215.4
Essonne,7,19.8,52.7,2.9,236.1
Essonne,8,19.6,55.3,2.7,199.1
Essonne,9,16.0,50.8,2.8,171.4
Essonne,10,12.1,59.1,3.0,115.4
Essonne,11,7.6,60.5,3.1,67.3
Essonne,12,4.8,67.2,3.6,57.5
Eure,1,4.5,65.3,4.4,61.0
Eure,2,5.0,55.7,4.2,80.8
Eure,3,7.6,54.1,4.1,122.7
Eure,4,10.2,50.9,3.7,177.5
Eure,5,13.5,60.4,3.5,202.6
Eure,6,16.7,56.2,3.3,211.1
Eure,7,18.8,56.5,3.4,216.5
Eure,8,18.8,56.8,3.2,205.0
Eure,9,15.6,54.4,3.3,171.5
Eure,10,11.9,69.6,3.7,118.0
Eure,11,7.7,70.2,3.8,73.3
Eure,12,4.9,85.7,4.2,62.6
Eure-et-Loir,1,4.2,56.9,4.0,64.1
Eure-et-Loir,2,4.6,47.5,4.0,89.8
Eure-et-Loir,3,7.5,48.7,3.8,142.2
Eure-et-Loir,4,10.1,46.8,3.5,186.2
Eure-et-Loir,5,13.5,60.0,3.3,212.1
Eure-et-Loir,6,16.8,53.6,3.2,223.4
Eure-et-Loir,7,19.2,51.4,3.2,234.0
Eure-et-Loir,8,19.1,48.5,3.1,225.1
Eure-et-Loir,9,15.7,47.4,3.1,183.9
Eure-et-Loir,10,11.9,62.8,3.3,119.8
Eure-et-Loir,11,7.4,61.2,3.5,72.5
Eure-et-Loir,12,4.6,69.2,3.9,61.6
Finistère,1,7.3,130.3,6.1,65.0
Finistère,2,7.3,107.6,5.9,87.0
Finistère,3,8.8,78.1,5.5,129.0
Finistère,4,10.4,80.1,5.3,174.1
Finistère,5,13.1,69.8,4.9,199.2
Finistère,6,15.7,59.3,4.5,205.9
Finistère,7,17.3,61.2,4.3,201.8
Finistère,8,17.5,66.9,4.1,189.8
Finistère,9,15.7,72.0,4.3,169.9
Finistère,10,13.1,115.1,5.1,114.0
Finistère,11,10.0,133.0,5.7,76.6
Finistère,12,7.9,141.5,6.1,64.9
Gard,1,5.9,88.6,4.0,135.2
Gard,2,6.6,59.5,4.2,162.1
Gard,3,9.9,68.0,4.3,215.0
Gard,4,12.6,90.9,4.1,222.4
Gard,5,16.4,80.2,3.8,262.7
Gard,6,20.5,52.3,3.7,307.3
Gard,7,23.2,36.1,3.7,336.6
Gard,8,23.0,51.3,3.5,298.8
Gard,9,18.7,134.9,3.5,238.6
Gard,10,14.6,151.8,3.5,165.8
Gard,11,9.6,147.8,3.9,134.4
Gard,12,6.5,92.4,3.9,127.6
Gers,1,6.2,72.4,2.8,90.4
Gers,2,7.0,54.3,3.0,115.3
Gers,3,10.0,57.8,3.1,166.0
Gers,4,12.4,75.6,3.0,180.0
Gers,5,16.1,79.5,2.7,201.0
Gers,6,19.6,64.4,2.5,215.0
Gers,7,21.6,53.5,2.4,240.9
Gers,8,21.9,53.2,2.3,230.1
Gers,9,18.6,60.2,2.3,200.9
Gers,10,14.9,63.4,2.5,150.6
Gers,11,9.6,79.8,2.6,98.5
Gers,12,6.8,71.1,2.8,86.3
Gironde,1,6.7,85.8,3.2,91.0
Gironde,2,7.3,64.6,3.3,118.5
Gironde,3,10.3,61.1,3.4,172.1
Gironde,4,12.6,73.7,3.4,192.4
Gironde,5,16.2,67.3,3.2,227.6
Gironde,6,19.4,64.5,3.0,244.1
Gironde,7,21.2,46.3,2.8,262.8
Gironde,8,21.4,56.9,2.6,252.3
Gironde,9,18.2,70.9,2.6,210.8
Gironde,10,14.7,79.0,2.8,151.6
Gironde,11,10.0,106.3,3.0,100.3
Gironde,12,7.3,96.7,3.2,85.9
Guadeloupe,1,24.7,126.3,4.5,185.1
Guadeloupe,2,24.7,83.5,4.6,177.4
Guadeloupe,3,25.0,91.0,4.3,206.8
Guadeloupe,4,25.8,126.2,4.2,198.2
Guadeloupe,5,26.6,152.1,4.3,199.4
Guadeloupe,6,27.3,134.2,4.7,196.7
Guadeloupe,7,27.3,169.5,4.8,199.9
Guadeloupe,8,27.5,183.6,4.2,207.4
Guadeloupe,9,27.4,216.0,3.6,187.2
Guadeloupe,10,27.0,218.4,3.5,183.7
Guadeloupe,11,26.3,213.6,3.8,167.9
Guadeloupe,12,25.3,154.5,4.2,176.3
Guyane,1,26.5,313.9,3.0,114.2
Guyane,2,26.5,278.0,3.3,101.6
Guyane,3,26.9,261.4,3.2,129.7
Guyane,4,27.1,384.7,2.9,126.6
Guyane,5,27.0,478.8,2.4,122.2
Guyane,6,27.0,349.8,1.8,148.0
Guyane,7,27.1,207.0,1.8,194.0
Guyane,8,27.5,112.9,2.1,228.9
Guyane,9,27.9,51.0,2.3,242.6
Guyane,10,28.1,58.8,2.4,246.9
Guyane,11,27.8,122.9,2.4,196.8
Guyane,12,27.0,274.5,2.7,149.0
Haut-Rhin,1,1.6,106.0,3.1,70.6
Haut-Rhin,2,2.5,87.6,3.2,95.5
Haut-Rhin,3,6.1,85.0,3.2,142.8
Haut-Rhin,4,9.8,70.1,2.9,178.2
Haut-Rhin,5,13.8,97.9,2.8,198.7
Haut-Rhin,6,17.3,85.4,2.6,221.1
Haut-Rhin,7,19.2,84.3,2.5,240.5
Haut-Rhin,8,19.0,85.1,2.3,223.6
Haut-Rhin,9,14.9,79.0,2.4,167.3
Haut-Rhin,10,10.6,101.2,2.6,118.1
Haut-Rhin,11,5.5,97.0,2.7,73.5
Haut-Rhin,12,2.4,124.9,3.2,63.2
Haute-Corse,1,8.5,66.6,4.1,135.4
Haute-Corse,2,8.5,68.0,4.2,155.2
Haute-Corse,3,10.7,71.5,4.4,200.8
Haute-Corse,4,13.1,69.2,4.1,228.5
Haute-Corse,5,17.0,54.7,3.7,278.4
Haute-Corse,6,21.0,34.1,3.7,318.1
Haute-Corse,7,23.8,18.0,3.7,358.7
Haute-Corse,8,24.1,23.6,3.6,322.0
Haute-Corse,9,20.4,65.0,3.8,242.7
Haute-Corse,10,16.8,106.3,3.8,185.8
Haute-Corse,11,12.5,136.5,4.1,132.5
Haute-Corse,12,9.5,95.2,4.4,132.7
Haute-Garonne,1,4.6,73.1,2.8,90.3
Haute-Garonne,2,5.2,57.2,3.1,119.4
Haute-Garonne,3,8.0,59.4,3.3,175.0
Haute-Garonne,4,10.6,79.9,3.3,188.3
Haute-Garonne,5,14.7,87.8,3.1,211.8
Haute-Garonne,6,18.3,69.5,2.8,230.8
Haute-Garonne,7,20.6,53.6,2.7,255.6
Haute-Garonne,8,20.8,52.7,2.5,240.6
Haute-Garonne,9,17.3,58.5,2.5,209.4
Haute-Garonne,10,13.6,64.0,2.6,152.3
Haute-Garonne,11,8.5,79.2,2.7,99.2
Haute-Garonne,12,5.4,64.3,2.8,90.1
Haute-Loire,1,1.4,50.6,3.4,91.9
Haute-Loire,2,1.9,39.5,3.6,115.0
Haute-Loire,3,5.1,42.3,3.7,167.9
Haute-Loire,4,7.7,70.1,3.7,172.5
Haute-Loire,5,11.6,91.5,3.4,196.1
Haute-Loire,6,15.5,82.0,3.0,227.8
Haute-Loire,7,17.8,71.1,2.9,262.2
Haute-Loire,8,17.6,72.9,2.7,243.3
Haute-Loire,9,13.6,80.6,2.8,184.9
Haute-Loire,10,10.0,87.2,3.2,126.8
Haute-Loire,11,5.0,86.0,3.5,86.5
Haute-Loire,12,2.2,51.5,3.5,83.1
Haute-Marne,1,2.4,85.3,3.7,60.0
Haute-Marne,2,3.2,72.6,3.6,85.5
Haute-Marne,3,6.5,72.8,3.6,141.5
Haute-Marne,4,9.7,63.5,3.2,180.3
Haute-Marne,5,13.6,82.7,2.9,204.7
Haute-Marne,6,17.0,70.2,2.8,221.9
Haute-Marne,7,19.2,74.7,2.8,233.6
Haute-Marne,8,19.0,73.2,2.6,214.8
Haute-Marne,9,15.0,72.1,2.7,172.8
Haute-Marne,10,11.0,89.0,3.1,112.4
Haute-Marne,11,6.1,92.2,3.3,62.3
Haute-Marne,12,3.2,98.9,3.7,50.6
Haute-Savoie,1,-0.2,117.1,2.2,78.3
Haute-Savoie,2,0.5,98.9,2.2,106.7
Haute-Savoie,3,4.0,103.2,2.3,165.4
Haute-Savoie,4,7.4,98.9,2.2,191.7
Haute-Savoie,5,11.9,122.1,2.1,219.4
Haute-Savoie,6,15.8,119.7,2.1,248.8
Haute-Savoie,7,17.8,117.5,2.1,271.3
Haute-Savoie,8,17.6,122.7,2.0,238.7
Haute-Savoie,9,13.6,112.3,1.9,187.6
Haute-Savoie,10,9.5,119.2,1.9,127.2
Haute-Savoie,11,4.1,118.1,2.0,80.8
Haute-Savoie,12,0.5,131.4,2.2,68.4
Haute-Saône,1,2.2,100.7,3.1,70.1
Haute-Saône,2,3.1,85.6,3.1,94.9
Haute-Saône,3,6.6,86.9,3.1,151.5
Haute-Saône,4,10.0,76.2,2.7,180.7
Haute-Saône,5,14.0,103.6,2.6,206.3
Haute-Saône,6,17.6,87.2,2.4,227.6
Haute-Saône,7,19.6,91.4,2.3,240.6
Haute-Saône,8,19.3,88.3,2.2,225.5
Haute-Saône,9,15.2,89.7,2.3,177.3
Haute-Saône,10,11.1,106.0,2.6,119.1
Haute-Saône,11,6.0,112.8,2.8,71.6
Haute-Saône,12,3.0,118.7,3.2,57.6
Haute-Vienne,1,4.6,103.7,3.2,82.1
Haute-Vienne,2,5.0,85.5,3.3,106.8
Haute-Vienne,3,8.1,83.7,3.3,157.5
Haute-Vienne,4,10.5,95.1,3.1,174.8
Haute-Vienne,5,14.1,95.3,2.9,209.2
Haute-Vienne,6,17.5,83.3,2.6,229.2
Haute-Vienne,7,19.4,66.4,2.5,247.5
Haute-Vienne,8,19.5,73.7,2.3,238.1
Haute-Vienne,9,15.9,81.8,2.5,197.2
Haute-Vienne,10,12.6,98.9,2.8,136.1
Haute-Vienne,11,7.8,115.5,3.0,86.5
Haute-Vienne,12,5.2,118.4,3.2,80.7
Hautes-Alpes,1,-0.9,68.9,2.1,149.9
Hautes-Alpes,2,-0.3,51.3,2.2,168.1
Hautes-Alpes,3,3.0,58.5,2.4,212.6
Hautes-Alpes,4,6.0,71.9,2.4,201.4
Hautes-Alpes,5,10.6,82.0,2.2,224.9
Hautes-Alpes,6,14.6,73.9,2.1,258.7
Hautes-Alpes,7,17.0,55.1,2.2,285.3
Hautes-Alpes,8,16.9,61.4,2.0,262.8
Hautes-Alpes,9,12.8,84.6,1.9,217.1
Hautes-Alpes,10,8.8,113.6,1.9,175.3
Hautes-Alpes,11,3.5,118.3,2.0,135.7
Hautes-Alpes,12,-0.2,78.6,2.0,129.9
Hautes-Pyrénées,1,2.8,103.0,2.8,113.0
Hautes-Pyrénées,2,3.2,83.6,2.9,128.3
Hautes-Pyrénées,3,5.8,85.6,3.0,163.9
Hautes-Pyrénées,4,8.0,103.6,3.0,169.4
Hautes-Pyrénées,5,12.3,112.7,2.8,187.3
Hautes-Pyrénées,6,15.7,88.8,2.6,191.9
Hautes-Pyrénées,7,17.8,75.5,2.5,206.7
Hautes-Pyrénées,8,18.1,69.6,2.4,202.5
Hautes-Pyrénées,9,14.9,77.9,2.3,189.5
Hautes-Pyrénées,10,11.6,91.7,2.5,152.0
Hautes-Pyrénées,11,6.5,122.5,2.7,117.9
Hautes-Pyrénées,12,3.7,90.4,2.8,110.8
Hauts-de-Seine,1,5.3,51.8,2.3,
Hauts-de-Seine,2,5.9,46.3,2.2,
Hauts-de-Seine,3,8.9,47.3,2.2,
Hauts-de-Seine,4,11.9,47.2,2.2,
Hauts-de-Seine,5,15.4,67.3,2.4,
Hauts-de-Seine,6,18.7,49.6,2.4,
Hauts-de-Seine,7,20.9,53.1,2.2,
Hauts-de-Seine,8,20.7,56.6,2.2,
Hauts-de-Seine,9,17.1,47.5,2.0,
Hauts-de-Seine,10,13.0,56.4,2.1,
Hauts-de-Seine,11,8.5,57.7,2.1,
Hauts-de-Seine,12,5.7,66.1,2.6,
Hérault,1,6.8,85.0,4.2,141.1
Hérault,2,7.2,66.4,4.4,167.6
Hérault,3,10.3,70.8,4.4,213.6
Hérault,4,12.7,84.2,4.3,225.7
Hérault,5,16.5,72.0,4.0,268.8
Hérault,6,20.5,43.5,3.9,314.3
Hérault,7,23.1,27.0,3.9,343.2
Hérault,8,23.0,43.8,3.6,302.5
Hérault,9,19.0,97.7,3.6,243.5
Hérault,10,15.1,141.7,3.8,171.3
Hérault,11,10.4,116.0,4.1,143.7
Hérault,12,7.4,91.5,4.1,134.9
Ille-et-Vilaine,1,5.9,81.2,4.1,69.5
Ille-et-Vilaine,2,6.2,64.2,4.0,93.7
Ille-et-Vilaine,3,8.4,57.4,3.9,135.4
Ille-et-Vilaine,4,10.5,59.7,3.7,174.0
Ille-et-Vilaine,5,13.7,62.5,3.5,203.4
Ille-et-Vilaine,6,16.7,56.7,3.3,211.2
Ille-et-Vilaine,7,18.6,50.2,3.2,219.0
Ille-et-Vilaine,8,18.6,53.0,3.0,204.8
Ille-et-Vilaine,9,16.0,62.6,3.1,176.0
Ille-et-Vilaine,10,12.8,84.3,3.4,115.4
Ille-et-Vilaine,11,8.9,90.9,3.6,82.3
Ille-et-Vilaine,12,6.3,93.2,4.0,68.8
Indre,1,4.8,67.2,3.8,68.7
Indre,2,5.3,55.2,3.7,96.8
Indre,3,8.4,55.0,3.6,158.3
Indre,4,10.9,65.7,3.3,186.0
Indre,5,14.6,75.3,3.0,213.3
Indre,6,18.2,58.4,2.9,217.9
Indre,7,20.3,57.2,3.0,243.0
Indre,8,20.2,57.1,2.8,239.7
Indre,9,16.5,61.8,2.8,194.5
Indre,10,12.8,76.9,3.0,129.1
Indre,11,8.1,74.1,3.2,81.5
Indre,12,5.2,76.2,3.7,62.7
Indre-et-Loire,1,5.0,66.2,3.8,66.7
Indre-et-Loire,2,5.6,53.8,3.7,93.6
Indre-et-Loire,3,8.5,50.9,3.6,147.8
Indre-et-Loire,4,11.0,55.0,3.4,185.6
Indre-et-Loire,5,14.6,59.4,3.2,213.3
Indre-et-Loire,6,18.0,51.9,3.0,229.4
Indre-et-Loire,7,20.1,48.7,2.9,246.9
Indre-et-Loire,8,20.0,48.9,2.8,234.0
Indre-et-Loire,9,16.5,52.9,2.8,191.1
Indre-et-Loire,10,12.9,69.0,3.0,122.5
Indre-et-Loire,11,8.2,72.8,3.2,78.2
Indre-et-Loire,12,5.5,75.4,3.7,63.4
Isère,1,0.2,92.6,2.4,92.4
Isère,2,0.6,73.6,2.3,114.3
Isère,3,3.8,81.5,2.4,170.1
Isère,4,6.9,85.7,2.5,186.1
Isère,5,12.0,109.4,2.3,210.7
Isère,6,15.8,92.5,2.1,246.9
Isère,7,18.0,85.4,2.0,280.7
Isère,8,17.8,89.3,1.9,249.1
Isère,9,13.9,103.8,1.9,191.2
Isère,10,10.1,116.0,2.1,137.3
Isère,11,4.8,122.7,2.3,90.1
Isère,12,0.9,94.6,2.4,79.3
Jura,1,1.7,122.6,2.6,74.2
Jura,2,2.4,107.4,2.7,101.1
Jura,3,6.0,109.7,2.8,161.5
Jura,4,9.2,110.2,2.6,187.8
Jura,5,13.2,132.1,2.5,209.8
Jura,6,16.8,110.7,2.2,229.9
Jura,7,18.8,109.2,2.1,255.5
Jura,8,18.6,110.8,2.0,237.5
Jura,9,14.7,113.5,2.1,183.6
Jura,10,10.8,137.4,2.3,127.5
Jura,11,5.6,146.6,2.4,80.1
Jura,12,2.5,146.9,2.7,64.4
La Réunion,1,23.4,376.0,2.8,177.5
La Réunion,2,23.5,395.8,2.8,159.5
La Réunion,3,23.1,348.7,2.8,175.6
La Réunion,4,22.0,198.4,2.7,180.7
La Réunion,5,20.3,148.7,2.7,187.4
La Réunion,6,18.5,113.7,2.9,178.4
La Réunion,7,17.5,114.8,3.0,192.8
La Réunion,8,17.6,95.9,3.0,191.9
La Réunion,9,18.2,81.7,2.9,183.1
La Réunion,10,19.4,76.4,2.8,179.6
La Réunion,11,20.8,96.8,2.6,186.0
La Réunion,12,22.4,199.5,2.6,185.2
Landes,1,7.0,107.6,2.6,90.9
Landes,2,7.7,82.7,2.7,116.1
Landes,3,10.5,80.5,2.8,167.3
Landes,4,12.7,98.1,2.9,180.9
Landes,5,16.3,88.8,2.8,206.6
Landes,6,19.4,76.0,2.7,221.8
Landes,7,21.3,58.7,2.5,237.2
Landes,8,21.5,65.2,2.4,230.5
Landes,9,18.6,84.1,2.3,200.8
Landes,10,15.1,99.0,2.4,147.7
Landes,11,10.2,136.7,2.6,98.2
Landes,12,7.6,111.5,2.7,86.2
Loir-et-Cher,1,4.7,62.7,3.5,60.6
Loir-et-Cher,2,5.1,51.7,3.4,90.1
Loir-et-Cher,3,8.2,51.6,3.3,146.7
Loir-et-Cher,4,10.8,54.3,3.1,183.4
Loir-et-Cher,5,14.4,64.3,2.8,207.5
Loir-et-Cher,6,17.8,51.9,2.7,211.8
Loir-et-Cher,7,19.9,55.5,2.7,233.6
Loir-et-Cher,8,19.8,49.7,2.6,228.1
Loir-et-Cher,9,16.2,52.3,2.6,186.2
Loir-et-Cher,10,12.5,69.6,2.8,120.3
Loir-et-Cher,11,7.9,68.9,3.0,71.7
Loir-et-Cher,12,5.1,74.1,3.5,56.5
Loire,1,3.0,56.1,2.3,81.4
Loire,2,3.6,45.6,2.5,108.6
Loire,3,7.0,48.9,2.5,161.6
Loire,4,9.9,67.0,2.5,187.8
Loire,5,13.9,87.9,2.3,211.7
Loire,6,17.7,79.3,2.1,240.9
Loire,7,19.9,77.6,2.0,276.1
Loire,8,19.7,75.4,1.9,259.1
Loire,9,15.6,77.7,2.0,194.4
Loire,10,11.7,87.3,2.2,134.2
Loire,11,6.6,88.9,2.4,87.6
Loire,12,3.7,59.9,2.4,75.8
Loire-Atlantique,1,6.5,91.1,4.7,72.6
Loire-Atlantique,2,6.8,70.0,4.5,105.5
Loire-Atlantique,3,9.2,59.8,4.5,151.5
Loire-Atlantique,4,11.4,60.6,4.3,188.5
Loire-Atlantique,5,14.7,58.0,4.2,214.0
Loire-Atlantique,6,17.7,47.5,4.0,226.1
Loire-Atlantique,7,19.5,43.9,4.0,239.3
Loire-Atlantique,8,19.6,47.2,3.7,234.5
Loire-Atlantique,9,16.9,63.7,3.7,200.4
Loire-Atlantique,10,13.6,88.9,4.1,126.0
Loire-Atlantique,11,9.6,96.5,4.2,92.5
Loire-Atlantique,12,7.0,100.8,4.7,76.3
Loiret,1,4.3,57.3,4.1,64.0
Loiret,2,4.8,51.5,4.0,90.8
Loiret,3,7.9,50.5,3.9,146.1
Loiret,4,10.6,54.3,3.7,185.8
Loiret,5,14.4,69.3,3.4,214.6
Loiret,6,17.8,55.1,3.2,220.1
Loiret,7,19.9,57.8,3.1,232.0
Loiret,8,19.7,54.0,2.9,228.5
Loiret,9,15.9,54.8,3.1,184.5
Loiret,10,12.2,67.0,3.3,121.4
Loiret,11,7.6,68.3,3.5,73.8
Loiret,12,4.8,71.3,4.0,60.9
Lot,1,5.2,85.5,2.7,94.5
Lot,2,5.9,68.3,2.9,122.6
Lot,3,9.2,73.7,3.0,169.3
Lot,4,11.7,93.4,2.9,179.4
Lot,5,15.4,92.9,2.5,215.4
Lot,6,19.0,78.0,2.3,243.2
Lot,7,21.1,59.0,2.3,262.7
Lot,8,21.1,66.6,2.1,251.9
Lot,9,17.5,79.3,2.2,209.1
Lot,10,13.8,80.9,2.4,146.3
Lot,11,8.7,93.7,2.5,96.3
Lot,12,5.9,92.4,2.6,91.1
Lot-et-Garonne,1,6.1,72.2,2.3,78.0
Lot-et-Garonne,2,7.0,54.5,2.4,115.3
Lot-et-Garonne,3,10.2,57.6,2.6,172.3
Lot-et-Garonne,4,12.6,77.1,2.5,187.8
Lot-et-Garonne,5,16.3,75.6,2.3,218.8
Lot-et-Garonne,6,19.7,68.0,2.2,237.9
Lot-et-Garonne,7,21.7,50.3,2.1,263.0
Lot-et-Garonne,8,21.8,56.3,1.9,250.0
Lot-et-Garonne,9,18.4,63.3,1.9,209.6
Lot-et-Garonne,10,14.8,66.1,2.0,143.0
Lot-et-Garonne,11,9.6,81.7,2.1,89.5
Lot-et-Garonne,12,6.7,75.2,2.2,71.9
Lozère,1,1.8,89.1,3.6,102.7
Lozère,2,2.2,65.8,3.8,122.4
Lozère,3,5.3,68.3,3.9,165.7
Lozère,4,7.8,102.6,3.7,175.1
Lozère,5,11.6,101.8,3.6,208.4
Lozère,6,15.6,75.9,3.2,245.9
Lozère,7,18.1,57.6,3.2,282.0
Lozère,8,18.0,67.9,3.0,260.3
Lozère,9,13.9,109.4,3.1,201.6
Lozère,10,10.1,132.7,3.3,137.4
Lozère,11,5.4,142.2,3.6,95.6
Lozère,12,2.6,97.5,3.6,96.9
Maine-et-Loire,1,5.8,71.1,3.6,70.6
Maine-et-Loire,2,6.2,55.2,3.5,100.1
Maine-et-Loire,3,8.8,51.5,3.4,145.3
Maine-et-Loire,4,11.2,53.7,3.2,181.7
Maine-et-Loire,5,14.8,56.8,3.1,209.2
Maine-et-Loire,6,18.1,44.8,3.0,228.4
Maine-et-Loire,7,20.0,44.0,2.8,235.5
Maine-et-Loire,8,20.0,46.7,2.6,226.4
Maine-et-Loire,9,16.9,55.3,2.7,189.4
Maine-et-Loire,10,13.2,72.4,2.9,122.8
Maine-et-Loire,11,8.9,74.7,3.0,85.4
Maine-et-Loire,12,6.1,77.1,3.4,73.0
Manche,1,6.1,105.0,6.1,59.1
Manche,2,6.3,82.5,5.8,78.2
Manche,3,8.0,72.4,5.5,122.1
Manche,4,10.0,65.7,5.0,174.9
Manche,5,12.9,64.4,4.7,204.4
Manche,6,15.6,59.7,4.4,215.1
Manche,7,17.5,60.0,4.3,221.3
Manche,8,17.7,71.9,4.2,196.8
Manche,9,15.7,74.8,4.7,159.9
Manche,10,12.8,111.5,5.3,102.8
Manche,11,9.2,115.6,5.7,69.0
Manche,12,6.7,132.3,6.0,57.4
Marne,1,3.3,63.7,4.0,61.1
Marne,2,4.0,55.7,3.9,81.0
Marne,3,7.3,53.3,3.8,137.4
Marne,4,10.3,48.6,3.4,185.3
Marne,5,14.1,62.7,3.1,210.0
Marne,6,17.2,58.8,2.9,217.7
Marne,7,19.5,61.9,2.9,231.8
Marne,8,19.2,60.9,2.7,217.1
Marne,9,15.5,54.7,2.9,172.0
Marne,10,11.6,66.8,3.3,113.4
Marne,11,6.9,65.6,3.5,64.5
Marne,12,4.0,80.6,3.9,52.0
Martinique,1,24.6,153.9,5.9,200.2
Martinique,2,24.5,101.8,5.9,194.1
Martinique,3,24.9,105.0,5.6,220.8
Martinique,4,25.7,160.5,5.5,214.3
Martinique,5,26.4,170.3,5.5,215.8
Martinique,6,26.7,184.2,6.3,192.9
Martinique,7,26.7,234.2,6.0,210.2
Martinique,8,27.0,264.7,5.1,215.7
Martinique,9,27.0,247.4,4.3,197.2
Martinique,10,26.7,281.8,4.3,196.0
Martinique,11,26.0,301.8,4.8,179.6
Martinique,12,25.2,193.5,5.4,191.7
Mayenne,1,5.2,84.6,4.0,65.3
Mayenne,2,5.6,66.3,4.0,93.9
Mayenne,3,8.0,59.9,3.9,134.2
Mayenne,4,10.4,58.5,3.6,173.0
Mayenne,5,13.8,64.3,3.4,202.6
Mayenne,6,17.0,57.4,3.2,216.4
Mayenne,7,18.9,54.2,3.1,222.1
Mayenne,8,18.9,54.0,2.9,210.7
Mayenne,9,15.9,65.9,3.0,175.5
Mayenne,10,12.4,83.4,3.3,110.8
Mayenne,11,8.2,86.4,3.4,76.2
Mayenne,12,5.5,96.5,3.9,65.4
Meurthe-et-Moselle,1,2.1,74.0,3.6,56.4
Meurthe-et-Moselle,2,2.9,64.2,3.4,83.5
Meurthe-et-Moselle,3,6.3,62.8,3.4,141.2
Meurthe-et-Moselle,4,9.7,52.2,3.0,182.1
Meurthe-et-Moselle,5,13.6,72.8,2.8,206.8
Meurthe-et-Moselle,6,17.0,64.6,2.7,220.9
Meurthe-et-Moselle,7,19.1,70.3,2.7,237.4
Meurthe-et-Moselle,8,18.8,71.3,2.5,220.0
Meurthe-et-Moselle,9,14.9,69.8,2.7,172.2
Meurthe-et-Moselle,10,10.7,76.6,3.0,107.4
Meurthe-et-Moselle,11,5.9,78.4,3.1,56.5
Meurthe-et-Moselle,12,2.9,88.7,3.6,46.9
Meuse,1,2.5,93.2,3.8,59.8
Meuse,2,3.3,79.1,3.8,83.2
Meuse,3,6.5,73.4,3.6,147.0
Meuse,4,9.6,58.1,3.1,190.9
Meuse,5,13.5,72.6,2.8,206.6
Meuse,6,16.8,65.2,2.7,231.1
Meuse,7,19.0,72.2,2.7,241.4
Meuse,8,18.7,74.8,2.6,205.1
Meuse,9,14.9,70.7,2.7,178.5
Meuse,10,10.9,84.7,3.1,111.8
Meuse,11,6.2,87.8,3.3,57.9
Meuse,12,3.3,110.5,3.8,50.3
Morbihan,1,6.6,117.5,4.4,71.4
Morbihan,2,6.8,88.2,4.2,101.1
Morbihan,3,8.8,70.6,4.1,146.1
Morbihan,4,10.8,71.6,4.0,191.0
Morbihan,5,13.9,64.2,3.8,215.0
Morbihan,6,16.7,54.6,3.6,229.3
Morbihan,7,18.5,50.9,3.5,237.0
Morbihan,8,18.6,56.5,3.2,221.7
Morbihan,9,16.3,68.2,3.4,190.5
Morbihan,10,13.2,105.5,3.7,119.9
Morbihan,11,9.5,113.7,4.0,86.0
Morbihan,12,7.1,125.0,4.4,72.9
Moselle,1,2.0,77.6,4.1,52.9
Moselle,2,2.9,67.4,3.9,80.4
Moselle,3,6.4,64.6,3.9,138.1
Moselle,4,9.9,51.4,3.3,184.2
Moselle,5,13.8,71.4,3.1,210.4
Moselle,6,17.3,65.2,3.0,222.0
Moselle,7,19.3,71.1,3.0,233.1
Moselle,8,19.0,68.7,2.9,216.4
Moselle,9,15.0,70.1,3.0,166.7
Moselle,10,10.7,76.9,3.4,101.3
Moselle,11,5.8,79.9,3.6,52.1
Moselle,12,2.8,95.0,4.2,43.3
Nièvre,1,3.6,89.3,2.6,66.8
Nièvre,2,4.3,72.7,2.7,90.5
Nièvre,3,7.6,72.0,2.6,150.3
Nièvre,4,10.5,78.8,2.4,179.4
Nièvre,5,14.2,86.0,2.2,205.1
Nièvre,6,17.8,71.8,2.0,223.9
Nièvre,7,19.8,70.3,2.0,242.9
Nièvre,8,19.8,70.2,1.8,229.0
Nièvre,9,15.9,74.1,1.9,184.7
Nièvre,10,12.0,90.0,2.1,118.8
Nièvre,11,7.1,100.1,2.3,73.6
Nièvre,12,4.2,100.7,2.6,59.9
Nord,1,4.2,63.2,5.1,61.0
Nord,2,4.8,55.5,5.0,73.3
Nord,3,7.4,55.1,4.8,126.1
Nord,4,10.2,44.8,4.3,180.2
Nord,5,13.6,60.4,4.2,199.7
Nord,6,16.5,64.6,4.0,205.4
Nord,7,18.7,67.8,3.9,211.4
Nord,8,18.6,72.7,3.8,198.1
Nord,9,15.6,61.0,3.9,156.4
Nord,10,11.8,69.0,4.4,112.6
Nord,11,7.6,76.9,4.6,63.6
Nord,12,4.8,81.9,5.0,52.7
Oise,1,4.0,63.9,4.0,59.5
Oise,2,4.5,52.8,4.0,79.2
Oise,3,7.4,53.1,3.9,127.3
Oise,4,10.1,48.8,3.5,176.3
Oise,5,13.5,64.1,3.3,201.3
Oise,6,16.6,58.5,3.1,210.7
Oise,7,18.8,60.7,3.1,221.2
Oise,8,18.7,62.1,3.0,209.3
Oise,9,15.4,51.8,3.0,166.1
Oise,10,11.7,65.8,3.4,112.0
Oise,11,7.3,64.8,3.5,67.4
Oise,12,4.5,82.6,3.9,55.4
Orne,1,4.4,83.1,4.2,61.8
Orne,2,4.8,66.5,4.1,89.5
Orne,3,7.3,61.4,3.9,132.1
Orne,4,9.6,58.1,3.6,171.9
Orne,5,13.0,66.4,3.4,198.5
Orne,6,16.1,58.0,3.3,211.7
Orne,7,18.1,57.6,3.2,220.2
Orne,8,18.1,59.5,3.0,208.7
Orne,9,15.1,60.3,3.1,169.9
Orne,10,11.6,82.2,3.5,109.4
Orne,11,7.5,84.8,3.7,71.7
Orne,12,4.8,98.8,4.0,63.7
Paris,1,5.4,48.5,4.5,58.9
Paris,2,6.0,43.7,4.5,83.4
Paris,3,9.1,45.0,4.5,134.8
Paris,4,12.0,45.6,4.1,176.3
Paris,5,15.5,67.8,3.9,201.2
Paris,6,18.7,52.4,3.8,201.7
Paris,7,20.9,55.6,3.7,222.0
Paris,8,20.7,55.0,3.4,214.8
Paris,9,17.2,46.2,3.7,174.4
Paris,10,13.2,53.9,4.0,118.0
Paris,11,8.6,55.5,4.2,69.8
Paris,12,5.9,63.4,4.6,57.0
Pas-de-Calais,1,4.3,78.2,5.3,63.7
Pas-de-Calais,2,4.7,64.9,5.1,80.4
Pas-de-Calais,3,7.1,60.2,4.8,132.2
Pas-de-Calais,4,9.7,50.4,4.2,190.1
Pas-de-Calais,5,12.9,62.4,4.1,206.2
Pas-de-Calais,6,15.7,63.1,3.9,218.3
Pas-de-Calais,7,17.9,68.8,3.9,226.1
Pas-de-Calais,8,18.1,75.2,3.8,205.2
Pas-de-Calais,9,15.3,71.6,3.9,162.2
Pas-de-Calais,10,11.7,88.4,4.4,112.1
Pas-de-Calais,11,7.7,97.4,4.7,64.9
Pas-de-Calais,12,4.9,102.1,5.1,54.0
Puy-de-Dôme,1,2.0,75.9,3.9,85.0
Puy-de-Dôme,2,2.3,65.8,3.9,110.3
Puy-de-Dôme,3,5.4,66.2,3.9,160.4
Puy-de-Dôme,4,8.0,86.4,3.7,173.2
Puy-de-Dôme,5,11.8,101.0,3.4,194.1
Puy-de-Dôme,6,15.5,91.6,3.0,220.0
Puy-de-Dôme,7,17.6,89.1,2.8,248.6
Puy-de-Dôme,8,17.6,85.6,2.8,231.3
Puy-de-Dôme,9,13.7,88.6,3.0,184.8
Puy-de-Dôme,10,10.3,89.0,3.4,129.7
Puy-de-Dôme,11,5.5,99.9,3.7,86.7
Puy-de-Dôme,12,2.8,86.0,3.9,76.9
Pyrénées-Atlantiques,1,5.9,136.8,3.0,96.9
Pyrénées-Atlantiques,2,6.3,116.2,3.0,115.0
Pyrénées-Atlantiques,3,8.9,112.0,3.1,156.7
Pyrénées-Atlantiques,4,11.0,129.9,3.0,158.6
Pyrénées-Atlantiques,5,14.8,126.1,2.8,179.1
Pyrénées-Atlantiques,6,18.0,100.2,2.7,194.5
Pyrénées-Atlantiques,7,19.9,81.4,2.5,206.1
Pyrénées-Atlantiques,8,20.3,79.5,2.4,200.6
Pyrénées-Atlantiques,9,17.5,99.5,2.4,184.8
Pyrénées-Atlantiques,10,14.3,121.1,2.8,142.0
Pyrénées-Atlantiques,11,9.5,173.1,3.1,101.0
Pyrénées-Atlantiques,12,6.8,129.9,3.1,94.5
Pyrénées-Orientales,1,5.0,62.2,3.8,134.0
Pyrénées-Orientales,2,5.4,44.4,4.1,158.6
Pyrénées-Orientales,3,8.0,55.2,4.1,199.2
Pyrénées-Orientales,4,10.5,74.4,4.0,208.4
Pyrénées-Orientales,5,14.5,73.2,3.8,228.4
Pyrénées-Orientales,6,18.4,53.0,3.5,257.1
Pyrénées-Orientales,7,21.0,38.7,3.5,289.7
Pyrénées-Orientales,8,21.1,48.6,3.3,262.6
Pyrénées-Orientales,9,17.4,63.7,3.2,217.6
Pyrénées-Orientales,10,13.8,84.5,3.3,170.7
Pyrénées-Orientales,11,9.2,81.7,3.7,138.5
Pyrénées-Orientales,12,5.9,61.2,3.6,123.1
Rhône,1,3.4,57.6,3.3,72.4
Rhône,2,4.3,46.7,3.4,101.1
Rhône,3,8.1,51.6,3.5,166.5
Rhône,4,11.2,67.0,3.7,188.8
Rhône,5,15.2,80.5,3.4,209.4
Rhône,6,19.0,75.4,3.2,244.3
Rhône,7,21.2,73.9,3.1,276.0
Rhône,8,20.9,71.0,2.9,251.7
Rhône,9,16.7,77.7,2.9,194.8
Rhône,10,12.5,93.7,3.2,128.6
Rhône,11,7.2,94.8,3.3,78.9
Rhône,12,4.1,63.4,3.3,62.0
Saint-Pierre-et-Miquelon,1,-2.4,104.5,8.3,42.3
Saint-Pierre-et-Miquelon,2,-2.9,98.5,8.3,60.2
Saint-Pierre-et-Miquelon,3,-1.1,95.0,7.7,113.0
Saint-Pierre-et-Miquelon,4,2.1,88.0,6.5,142.4
Saint-Pierre-et-Miquelon,5,5.9,102.5,5.3,174.9
Saint-Pierre-et-Miquelon,6,9.9,93.8,4.8,164.1
Saint-Pierre-et-Miquelon,7,14.4,97.6,4.4,150.7
Saint-Pierre-et-Miquelon,8,16.8,101.0,4.8,168.7
Saint-Pierre-et-Miquelon,9,14.0,129.8,5.6,159.5
Saint-Pierre-et-Miquelon,10,9.3,134.4,6.5,117.1
Saint-Pierre-et-Miquelon,11,4.8,132.5,7.2,61.7
Saint-Pierre-et-Miquelon,12,0.8,119.1,8.0,37.9
Sarthe,1,5.0,72.9,3.6,67.5
Sarthe,2,5.5,57.5,3.5,96.1
Sarthe,3,8.2,56.1,3.5,141.9
Sarthe,4,10.7,53.0,3.4,180.2
Sarthe,5,14.1,61.2,3.3,209.7
Sarthe,6,17.4,55.1,3.1,224.6
Sarthe,7,19.4,53.0,2.9,233.3
Sarthe,8,19.4,51.6,2.8,226.0
Sarthe,9,16.1,54.9,2.8,184.6
Sarthe,10,12.4,72.9,3.0,118.2
Sarthe,11,8.1,74.5,3.0,76.8
Sarthe,12,5.4,84.8,3.4,68.2
Savoie,1,-1.6,99.7,2.0,87.9
Savoie,2,-1.1,79.3,2.0,108.8
Savoie,3,2.3,85.4,2.1,159.8
Savoie,4,5.3,75.0,2.2,173.0
Savoie,5,10.2,98.4,2.1,190.1
Savoie,6,14.5,95.7,2.0,215.2
Savoie,7,16.6,90.8,2.0,243.0
Savoie,8,16.4,93.3,1.8,226.4
Savoie,9,12.4,90.3,1.8,175.6
Savoie,10,8.5,98.0,1.9,125.2
Savoie,11,2.9,101.6,2.0,83.7
Savoie,12,-0.9,104.5,2.0,75.7
Saône-et-Loire,1,3.2,73.9,2.6,66.0
Saône-et-Loire,2,4.1,61.1,2.8,96.1
Saône-et-Loire,3,7.7,61.9,2.9,160.0
Saône-et-Loire,4,10.8,70.0,2.7,186.2
Saône-et-Loire,5,14.7,85.9,2.5,210.6
Saône-et-Loire,6,18.5,71.1,2.3,239.8
Saône-et-Loire,7,20.5,72.6,2.2,264.7
Saône-et-Loire,8,20.3,71.2,2.1,242.6
Saône-et-Loire,9,16.2,73.4,2.1,186.8
Saône-et-Loire,10,12.1,90.0,2.2,118.9
Saône-et-Loire,11,6.9,97.9,2.4,71.5
Saône-et-Loire,12,3.9,83.4,2.7,57.0
Seine-Maritime,1,5.1,85.5,5.4,55.2
Seine-Maritime,2,5.5,69.5,5.2,79.1
Seine-Maritime,3,7.8,62.5,4.9,122.3
Seine-Maritime,4,10.1,58.4,4.4,171.6
Seine-Maritime,5,13.3,65.8,4.2,190.5
Seine-Maritime,6,16.2,63.9,4.0,205.6
Seine-Maritime,7,18.2,63.7,3.9,203.5
Seine-Maritime,8,18.3,75.0,3.8,194.9
Seine-Maritime,9,15.7,73.0,4.1,162.9
Seine-Maritime,10,12.4,97.9,4.8,112.0
Seine-Maritime,11,8.4,97.9,5.0,61.6
Seine-Maritime,12,5.6,115.8,5.3,51.5
Seine-Saint-Denis,1,5.0,53.8,,
Seine-Saint-Denis,2,5.6,46.8,,
Seine-Saint-Denis,3,8.7,48.9,,
Seine-Saint-Denis,4,11.6,46.5,,
Seine-Saint-Denis,5,15.2,66.1,,
Seine-Saint-Denis,6,18.4,57.1,,
Seine-Saint-Denis,7,20.6,58.2,,
Seine-Saint-Denis,8,20.4,55.8,,
Seine-Saint-Denis,9,16.8,48.4,,
Seine-Saint-Denis,10,12.8,56.4,,
Seine-Saint-Denis,11,8.2,59.0,,
Seine-Saint-Denis,12,5.4,69.7,,
Seine-et-Marne,1,4.1,60.2,3.9,59.4
Seine-et-Marne,2,4.7,53.3,3.7,82.9
Seine-et-Marne,3,7.8,52.1,3.6,142.9
Seine-et-Marne,4,10.6,51.5,3.2,188.2
Seine-et-Marne,5,14.2,65.5,3.0,216.3
Seine-et-Marne,6,17.5,57.8,2.8,226.1
Seine-et-Marne,7,19.7,59.5,2.8,234.7
Seine-et-Marne,8,19.5,59.1,2.7,225.3
Seine-et-Marne,9,15.9,55.7,2.7,180.4
Seine-et-Marne,10,12.1,65.7,3.1,118.5
Seine-et-Marne,11,7.5,64.4,3.3,68.4
Seine-et-Marne,12,4.7,76.0,3.8,54.4
Somme,1,4.1,67.8,4.9,65.6
Somme,2,4.6,57.2,4.7,82.1
Somme,3,7.3,56.4,4.6,130.3
Somme,4,10.0,47.9,4.1,181.1
Somme,5,13.2,62.9,3.9,202.2
Somme,6,16.1,62.2,3.6,211.5
Somme,7,18.3,64.1,3.6,219.4
Somme,8,18.4,73.3,3.5,203.2
Somme,9,15.4,61.2,3.6,161.0
Somme,10,11.7,76.5,4.1,112.7
Somme,11,7.5,80.6,4.3,68.0
Somme,12,4.6,92.2,4.7,57.1
Tarn,1,5.2,93.2,3.1,90.4
Tarn,2,5.9,72.4,3.3,118.1
Tarn,3,9.0,77.8,3.4,176.0
Tarn,4,11.5,99.9,3.4,186.2
Tarn,5,15.3,98.4,3.1,218.0
Tarn,6,19.1,72.6,2.8,243.7
Tarn,7,21.4,51.8,2.7,272.8
Tarn,8,21.5,58.8,2.5,256.6
Tarn,9,17.8,72.0,2.6,213.0
Tarn,10,14.0,88.0,2.9,151.9
Tarn,11,8.8,98.3,3.0,93.8
Tarn,12,6.0,96.5,3.1,85.2
Tarn-et-Garonne,1,5.8,67.1,2.4,84.1
Tarn-et-Garonne,2,6.6,51.3,2.7,120.3
Tarn-et-Garonne,3,9.9,55.6,2.9,176.6
Tarn-et-Garonne,4,12.5,75.9,2.9,190.1
Tarn-et-Garonne,5,16.2,78.7,2.7,220.6
Tarn-et-Garonne,6,19.9,66.8,2.5,242.8
Tarn-et-Garonne,7,22.0,49.9,2.5,270.1
Tarn-et-Garonne,8,22.1,56.5,2.3,259.0
Tarn-et-Garonne,9,18.5,61.6,2.2,213.1
Tarn-et-Garonne,10,14.7,62.5,2.3,153.2
Tarn-et-Garonne,11,9.4,71.0,2.3,93.2
Tarn-et-Garonne,12,6.4,69.7,2.4,80.8
Territoire de Belfort,1,1.3,128.9,2.9,
Territoire de Belfort,2,2.1,108.0,3.0,
Territoire de Belfort,3,5.6,109.6,3.0,
Territoire de Belfort,4,9.2,85.5,2.7,
Territoire de Belfort,5,13.2,116.4,2.5,
Territoire de Belfort,6,16.8,99.5,2.4,
Territoire de Belfort,7,18.7,97.7,2.4,
Territoire de Belfort,8,18.5,105.6,2.2,
Territoire de Belfort,9,14.4,100.3,2.2,
Territoire de Belfort,10,10.2,125.9,2.3,
Territoire de Belfort,11,5.2,128.6,2.5,
Territoire de Belfort,12,2.1,156.8,2.8,
Val-d'Oise,1,4.6,56.3,4.2,56.6
Val-d'Oise,2,5.2,48.6,4.1,77.9
Val-d'Oise,3,8.1,49.2,4.0,130.1
Val-d'Oise,4,10.8,47.4,3.6,175.4
Val-d'Oise,5,14.2,63.3,3.4,200.0
Val-d'Oise,6,17.4,56.7,3.2,206.6
Val-d'Oise,7,19.6,56.8,3.2,222.3
Val-d'Oise,8,19.6,57.3,3.0,208.6
Val-d'Oise,9,16.2,48.4,3.1,165.9
Val-d'Oise,10,12.4,62.6,3.5,111.1
Val-d'Oise,11,7.9,60.1,3.7,66.1
Val-d'Oise,12,5.0,73.9,4.1,54.0
Val-de-Marne,1,5.0,51.9,3.6,
Val-de-Marne,2,5.7,47.1,3.6,
Val-de-Marne,3,8.8,46.8,3.5,
Val-de-Marne,4,11.9,47.4,3.4,
Val-de-Marne,5,15.4,65.0,3.2,
Val-de-Marne,6,18.7,54.2,3.1,
Val-de-Marne,7,20.9,57.1,3.0,
Val-de-Marne,8,20.7,57.7,2.8,
Val-de-Marne,9,17.0,47.9,2.8,
Val-de-Marne,10,13.0,55.4,3.0,
Val-de-Marne,11,8.3,58.2,3.2,
Val-de-Marne,12,5.5,66.7,3.5,
Var,1,7.4,78.3,3.8,146.0
Var,2,7.8,53.7,4.0,165.2
Var,3,10.4,53.4,4.1,217.9
Var,4,12.9,75.6,3.9,236.5
Var,5,16.8,60.1,3.6,278.7
Var,6,20.8,47.4,3.4,321.6
Var,7,23.5,18.7,3.5,359.5
Var,8,23.6,29.9,3.3,322.1
Var,9,19.6,84.5,3.4,252.9
Var,10,15.7,116.9,3.6,181.8
Var,11,11.0,133.3,3.8,142.0
Var,12,8.1,84.0,3.9,133.3
Vaucluse,1,5.1,64.6,3.2,150.1
Vaucluse,2,5.7,44.6,3.4,171.1
Vaucluse,3,9.1,48.3,3.5,229.9
Vaucluse,4,12.0,72.3,3.5,242.2
Vaucluse,5,16.0,66.4,3.3,285.3
Vaucluse,6,20.0,44.9,3.1,328.2
Vaucluse,7,22.6,31.4,3.2,363.1
Vaucluse,8,22.4,43.9,3.0,324.5
Vaucluse,9,18.1,98.9,2.9,254.4
Vaucluse,10,14.0,104.2,2.9,189.3
Vaucluse,11,8.8,109.8,3.1,147.7
Vaucluse,12,5.6,60.9,3.1,136.5
Vendée,1,6.5,91.2,4.4,81.1
Vendée,2,6.8,68.4,4.3,114.9
Vendée,3,9.2,62.1,4.2,161.0
Vendée,4,11.4,62.4,4.0,199.7
Vendée,5,14.8,58.9,3.8,230.0
Vendée,6,18.0,45.5,3.6,249.0
Vendée,7,19.8,45.1,3.5,262.4
Vendée,8,19.9,49.9,3.3,250.0
Vendée,9,17.2,66.5,3.4,208.6
Vendée,10,13.9,95.9,3.7,135.5
Vendée,11,9.7,101.4,3.9,94.4
Vendée,12,7.0,101.7,4.3,79.8
Vienne,1,5.3,66.5,3.7,71.6
Vienne,2,5.8,52.1,3.7,102.1
Vienne,3,8.7,52.2,3.5,157.7
Vienne,4,11.1,58.2,3.3,184.2
Vienne,5,14.7,64.7,3.1,215.8
Vienne,6,18.2,59.8,2.9,230.4
Vienne,7,20.2,48.8,2.8,248.8
Vienne,8,20.2,50.1,2.7,241.0
Vienne,9,16.8,55.2,2.8,195.9
Vienne,10,13.2,75.9,3.0,129.3
Vienne,11,8.5,78.6,3.2,85.1
Vienne,12,5.7,77.7,3.6,70.1
Vosges,1,1.7,121.4,3.2,63.4
Vosges,2,2.5,100.4,3.2,87.7
Vosges,3,5.9,98.2,3.1,141.8
Vosges,4,9.3,79.1,2.8,175.7
Vosges,5,13.3,104.8,2.6,201.2
Vosges,6,16.8,89.6,2.4,224.2
Vosges,7,18.8,92.3,2.4,236.4
Vosges,8,18.6,91.0,2.2,217.1
Vosges,9,14.5,94.4,2.3,169.1
Vosges,10,10.5,117.7,2.6,113.1
Vosges,11,5.6,120.6,2.8,64.0
Vosges,12,2.6,141.2,3.3,53.1
Yonne,1,3.7,68.8,3.1,60.0
Yonne,2,4.4,60.2,3.1,88.3
Yonne,3,7.5,59.7,3.0,146.2
Yonne,4,10.4,64.0,2.8,181.3
Yonne,5,14.1,74.1,2.5,206.5
Yonne,6,17.6,63.3,2.4,220.6
Yonne,7,19.9,61.3,2.4,242.6
Yonne,8,19.7,61.6,2.2,230.8
Yonne,9,15.8,62.7,2.3,183.9
Yonne,10,12.0,79.1,2.5,118.9
Yonne,11,7.2,75.9,2.6,67.4
Yonne,12,4.4,79.2,3.1,55.3
Yvelines,1,4.4,54.6,3.7,57.6
Yvelines,2,4.9,47.0,3.6,81.9
Yvelines,3,7.8,48.8,3.5,130.1
Yvelines,4,10.5,47.1,3.2,176.4
Yvelines,5,13.9,64.4,3.0,203.5
Yvelines,6,17.2,55.4,2.9,211.2
Yvelines,7,19.4,52.9,2.9,224.4
Yvelines,8,19.3,54.2,2.7,215.8
Yvelines,9,15.8,47.9,2.7,176.1
Yvelines,10,12.0,61.5,3.1,115.2
Yvelines,11,7.6,60.2,3.2,66.9
Yvelines,12,4.8,70.0,3.6,55.5
