departement,mois,normale_1991_2020
Ain,1,0.5
Ain,2,2.0
Ain,3,6.0
Ain,4,11.5
Ain,5,17.0
Ain,6,21.0
Ain,7,22.5
Ain,8,21.0
Ain,9,17.0
Ain,10,11.5
Ain,11,6.0
Ain,12,2.0
Aisne,1,0.0
Aisne,2,1.5
Aisne,3,5.5
Aisne,4,11.0
Aisne,5,16.5
Aisne,6,20.5
Aisne,7,22.0
Aisne,8,20.5
Aisne,9,16.5
Aisne,10,11.0
Aisne,11,5.5
Aisne,12,1.5
Allier,1,1.0
Allier,2,2.5
Allier,3,6.5
Allier,4,12.0
Allier,5,17.5
Allier,6,21.5
Allier,7,23.0
Allier,8,21.5
Allier,9,17.5
Allier,10,12.0
Allier,11,6.5
Allier,12,2.5
Alpes-de-Haute-Provence,1,-0.5
Alpes-de-Haute-Provence,2,1.0
Alpes-de-Haute-Provence,3,5.3
Alpes-de-Haute-Provence,4,11.0
Alpes-de-Haute-Provence,5,16.8
Alpes-de-Haute-Provence,6,21.0
Alpes-de-Haute-Provence,7,22.5
Alpes-de-Haute-Provence,8,21.0
Alpes-de-Haute-Provence,9,16.8
Alpes-de-Haute-Provence,10,11.0
Alpes-de-Haute-Provence,11,5.3
Alpes-de-Haute-Provence,12,1.0
Hautes-Alpes,1,-3.0
Hautes-Alpes,2,-1.4
Hautes-Alpes,3,3.0
Hautes-Alpes,4,9.0
Hautes-Alpes,5,15.0
Hautes-Alpes,6,19.4
Hautes-Alpes,7,21.0
Hautes-Alpes,8,19.4
Hautes-Alpes,9,15.0
Hautes-Alpes,10,9.0
Hautes-Alpes,11,3.0
Hautes-Alpes,12,-1.4
Alpes-Maritimes,1,7.0
Alpes-Maritimes,2,8.2
Alpes-Maritimes,3,11.5
Alpes-Maritimes,4,16.0
Alpes-Maritimes,5,20.5
Alpes-Maritimes,6,23.8
Alpes-Maritimes,7,25.0
Alpes-Maritimes,8,23.8
Alpes-Maritimes,9,20.5
Alpes-Maritimes,10,16.0
Alpes-Maritimes,11,11.5
Alpes-Maritimes,12,8.2
Ardèche,1,2.5
Ardèche,2,4.0
Ardèche,3,8.0
Ardèche,4,13.5
Ardèche,5,19.0
Ardèche,6,23.0
Ardèche,7,24.5
Ardèche,8,23.0
Ardèche,9,19.0
Ardèche,10,13.5
Ardèche,11,8.0
Ardèche,12,4.0
Ardennes,1,-0.5
Ardennes,2,1.0
Ardennes,3,5.0
Ardennes,4,10.5
Ardennes,5,16.0
Ardennes,6,20.0
Ardennes,7,21.5
Ardennes,8,20.0
Ardennes,9,16.0
Ardennes,10,10.5
Ardennes,11,5.0
Ardennes,12,1.0
Ariège,1,2.0
Ariège,2,3.4
Ariège,3,7.3
Ariège,4,12.5
Ariège,5,17.8
Ariège,6,21.6
Ariège,7,23.0
Ariège,8,21.6
Ariège,9,17.8
Ariège,10,12.5
Ariège,11,7.3
Ariège,12,3.4
Aube,1,-0.5
Aube,2,1.0
Aube,3,5.3
Aube,4,11.0
Aube,5,16.8
Aube,6,21.0
Aube,7,22.5
Aube,8,21.0
Aube,9,16.8
Aube,10,11.0
Aube,11,5.3
Aube,12,1.0
Aude,1,4.5
Aude,2,5.8
Aude,3,9.5
Aude,4,14.5
Aude,5,19.5
Aude,6,23.2
Aude,7,24.5
Aude,8,23.2
Aude,9,19.5
Aude,10,14.5
Aude,11,9.5
Aude,12,5.8
Aveyron,1,0.0
Aveyron,2,1.5
Aveyron,3,5.5
Aveyron,4,11.0
Aveyron,5,16.5
Aveyron,6,20.5
Aveyron,7,22.0
Aveyron,8,20.5
Aveyron,9,16.5
Aveyron,10,11.0
Aveyron,11,5.5
Aveyron,12,1.5
Bouches-du-Rhône,1,5.6
Bouches-du-Rhône,2,6.9
Bouches-du-Rhône,3,10.6
Bouches-du-Rhône,4,15.6
Bouches-du-Rhône,5,20.6
Bouches-du-Rhône,6,24.3
Bouches-du-Rhône,7,25.6
Bouches-du-Rhône,8,24.3
Bouches-du-Rhône,9,20.6
Bouches-du-Rhône,10,15.6
Bouches-du-Rhône,11,10.6
Bouches-du-Rhône,12,6.9
Calvados,1,1.0
Calvados,2,2.4
Calvados,3,6.3
Calvados,4,11.5
Calvados,5,16.8
Calvados,6,20.6
Calvados,7,22.0
Calvados,8,20.6
Calvados,9,16.8
Calvados,10,11.5
Calvados,11,6.3
Calvados,12,2.4
Cantal,1,-1.5
Cantal,2,-0.0
Cantal,3,4.0
Cantal,4,9.5
Cantal,5,15.0
Cantal,6,19.0
Cantal,7,20.5
Cantal,8,19.0
Cantal,9,15.0
Cantal,10,9.5
Cantal,11,4.0
Cantal,12,-0.0
Charente,1,2.5
Charente,2,3.9
Charente,3,7.8
Charente,4,13.0
Charente,5,18.2
Charente,6,22.1
Charente,7,23.5
Charente,8,22.1
Charente,9,18.2
Charente,10,13.0
Charente,11,7.8
Charente,12,3.9
Charente-Maritime,1,3.5
Charente-Maritime,2,4.8
Charente-Maritime,3,8.3
Charente-Maritime,4,13.0
Charente-Maritime,5,17.8
Charente-Maritime,6,21.2
Charente-Maritime,7,22.5
Charente-Maritime,8,21.2
Charente-Maritime,9,17.8
Charente-Maritime,10,13.0
Charente-Maritime,11,8.3
Charente-Maritime,12,4.8
Cher,1,0.5
Cher,2,2.0
Cher,3,6.3
Cher,4,12.0
Cher,5,17.8
Cher,6,22.0
Cher,7,23.5
Cher,8,22.0
Cher,9,17.8
Cher,10,12.0
Cher,11,6.3
Cher,12,2.0
Corrèze,1,0.5
Corrèze,2,2.0
Corrèze,3,6.0
Corrèze,4,11.5
Corrèze,5,17.0
Corrèze,6,21.0
Corrèze,7,22.5
Corrèze,8,21.0
Corrèze,9,17.0
Corrèze,10,11.5
Corrèze,11,6.0
Corrèze,12,2.0
Corse-du-Sud,1,8.0
Corse-du-Sud,2,9.1
Corse-du-Sud,3,12.0
Corse-du-Sud,4,16.0
Corse-du-Sud,5,20.0
Corse-du-Sud,6,22.9
Corse-du-Sud,7,24.0
Corse-du-Sud,8,22.9
Corse-du-Sud,9,20.0
Corse-du-Sud,10,16.0
Corse-du-Sud,11,12.0
Corse-du-Sud,12,9.1
Haute-Corse,1,7.0
Haute-Corse,2,8.1
Haute-Corse,3,11.3
Haute-Corse,4,15.5
Haute-Corse,5,19.8
Haute-Corse,6,22.9
Haute-Corse,7,24.0
Haute-Corse,8,22.9
Haute-Corse,9,19.8
Haute-Corse,10,15.5
Haute-Corse,11,11.3
Haute-Corse,12,8.1
Côte-d'Or,1,-0.5
Côte-d'Or,2,1.0
Côte-d'Or,3,5.3
Côte-d'Or,4,11.0
Côte-d'Or,5,16.8
Côte-d'Or,6,21.0
Côte-d'Or,7,22.5
Côte-d'Or,8,21.0
Côte-d'Or,9,16.8
Côte-d'Or,10,11.0
Côte-d'Or,11,5.3
Côte-d'Or,12,1.0
Côtes-d'Armor,1,3.0
Côtes-d'Armor,2,4.1
Côtes-d'Armor,3,7.3
Côtes-d'Armor,4,11.5
Côtes-d'Armor,5,15.8
Côtes-d'Armor,6,18.9
Côtes-d'Armor,7,20.0
Côtes-d'Armor,8,18.9
Côtes-d'Armor,9,15.8
Côtes-d'Armor,10,11.5
Côtes-d'Armor,11,7.3
Côtes-d'Armor,12,4.1
Creuse,1,-1.0
Creuse,2,0.5
Creuse,3,4.8
Creuse,4,10.5
Creuse,5,16.2
Creuse,6,20.5
Creuse,7,22.0
Creuse,8,20.5
Creuse,9,16.2
Creuse,10,10.5
Creuse,11,4.8
Creuse,12,0.5
Dordogne,1,2.5
Dordogne,2,3.9
Dordogne,3,7.8
Dordogne,4,13.0
Dordogne,5,18.2
Dordogne,6,22.1
Dordogne,7,23.5
Dordogne,8,22.1
Dordogne,9,18.2
Dordogne,10,13.0
Dordogne,11,7.8
Dordogne,12,3.9
Doubs,1,-1.0
Doubs,2,0.5
Doubs,3,4.8
Doubs,4,10.5
Doubs,5,16.2
Doubs,6,20.5
Doubs,7,22.0
Doubs,8,20.5
Doubs,9,16.2
Doubs,10,10.5
Doubs,11,4.8
Doubs,12,0.5
Drôme,1,2.5
Drôme,2,4.0
Drôme,3,8.0
Drôme,4,13.5
Drôme,5,19.0
Drôme,6,23.0
Drôme,7,24.5
Drôme,8,23.0
Drôme,9,19.0
Drôme,10,13.5
Drôme,11,8.0
Drôme,12,4.0
Eure,1,0.5
Eure,2,1.9
Eure,3,5.8
Eure,4,11.0
Eure,5,16.2
Eure,6,20.1
Eure,7,21.5
Eure,8,20.1
Eure,9,16.2
Eure,10,11.0
Eure,11,5.8
Eure,12,1.9
Eure-et-Loir,1,-0.5
Eure-et-Loir,2,1.0
Eure-et-Loir,3,5.3
Eure-et-Loir,4,11.0
Eure-et-Loir,5,16.8
Eure-et-Loir,6,21.0
Eure-et-Loir,7,22.5
Eure-et-Loir,8,21.0
Eure-et-Loir,9,16.8
Eure-et-Loir,10,11.0
Eure-et-Loir,11,5.3
Eure-et-Loir,12,1.0
Finistère,1,4.3
Finistère,2,5.3
Finistère,3,8.1
Finistère,4,11.8
Finistère,5,15.6
Finistère,6,18.3
Finistère,7,19.3
Finistère,8,18.3
Finistère,9,15.6
Finistère,10,11.8
Finistère,11,8.1
Finistère,12,5.3
Gard,1,5.0
Gard,2,6.3
Gard,3,10.0
Gard,4,15.0
Gard,5,20.0
Gard,6,23.7
Gard,7,25.0
Gard,8,23.7
Gard,9,20.0
Gard,10,15.0
Gard,11,10.0
Gard,12,6.3
Haute-Garonne,1,3.4
Haute-Garonne,2,4.8
Haute-Garonne,3,8.7
Haute-Garonne,4,13.9
Haute-Garonne,5,19.2
Haute-Garonne,6,23.0
Haute-Garonne,7,24.4
Haute-Garonne,8,23.0
Haute-Garonne,9,19.2
Haute-Garonne,10,13.9
Haute-Garonne,11,8.7
Haute-Garonne,12,4.8
Gers,1,3.5
Gers,2,4.8
Gers,3,8.5
Gers,4,13.5
Gers,5,18.5
Gers,6,22.2
Gers,7,23.5
Gers,8,22.2
Gers,9,18.5
Gers,10,13.5
Gers,11,8.5
Gers,12,4.8
Gironde,1,4.5
Gironde,2,5.8
Gironde,3,9.3
Gironde,4,14.0
Gironde,5,18.8
Gironde,6,22.2
Gironde,7,23.5
Gironde,8,22.2
Gironde,9,18.8
Gironde,10,14.0
Gironde,11,9.3
Gironde,12,5.8
Hérault,1,5.6
Hérault,2,6.9
Hérault,3,10.4
Hérault,4,15.1
Hérault,5,19.8
Hérault,6,23.3
Hérault,7,24.6
Hérault,8,23.3
Hérault,9,19.8
Hérault,10,15.1
Hérault,11,10.4
Hérault,12,6.9
Ille-et-Vilaine,1,3.0
Ille-et-Vilaine,2,4.1
Ille-et-Vilaine,3,7.3
Ille-et-Vilaine,4,11.5
Ille-et-Vilaine,5,15.8
Ille-et-Vilaine,6,18.9
Ille-et-Vilaine,7,20.0
Ille-et-Vilaine,8,18.9
Ille-et-Vilaine,9,15.8
Ille-et-Vilaine,10,11.5
Ille-et-Vilaine,11,7.3
Ille-et-Vilaine,12,4.1
Indre,1,0.5
Indre,2,2.0
Indre,3,6.3
Indre,4,12.0
Indre,5,17.8
Indre,6,22.0
Indre,7,23.5
Indre,8,22.0
Indre,9,17.8
Indre,10,12.0
Indre,11,6.3
Indre,12,2.0
Indre-et-Loire,1,1.0
Indre-et-Loire,2,2.5
Indre-et-Loire,3,6.5
Indre-et-Loire,4,12.0
Indre-et-Loire,5,17.5
Indre-et-Loire,6,21.5
Indre-et-Loire,7,23.0
Indre-et-Loire,8,21.5
Indre-et-Loire,9,17.5
Indre-et-Loire,10,12.0
Indre-et-Loire,11,6.5
Indre-et-Loire,12,2.5
Isère,1,0.3
Isère,2,1.8
Isère,3,6.1
Isère,4,11.8
Isère,5,17.6
Isère,6,21.8
Isère,7,23.3
Isère,8,21.8
Isère,9,17.6
Isère,10,11.8
Isère,11,6.1
Isère,12,1.8
Jura,1,-1.0
Jura,2,0.5
Jura,3,4.8
Jura,4,10.5
Jura,5,16.2
Jura,6,20.5
Jura,7,22.0
Jura,8,20.5
Jura,9,16.2
Jura,10,10.5
Jura,11,4.8
Jura,12,0.5
Landes,1,5.0
Landes,2,6.2
Landes,3,9.5
Landes,4,14.0
Landes,5,18.5
Landes,6,21.8
Landes,7,23.0
Landes,8,21.8
Landes,9,18.5
Landes,10,14.0
Landes,11,9.5
Landes,12,6.2
Loir-et-Cher,1,0.0
Loir-et-Cher,2,1.5
Loir-et-Cher,3,5.8
Loir-et-Cher,4,11.5
Loir-et-Cher,5,17.2
Loir-et-Cher,6,21.5
Loir-et-Cher,7,23.0
Loir-et-Cher,8,21.5
Loir-et-Cher,9,17.2
Loir-et-Cher,10,11.5
Loir-et-Cher,11,5.8
Loir-et-Cher,12,1.5
Loire,1,0.5
Loire,2,2.0
Loire,3,6.0
Loire,4,11.5
Loire,5,17.0
Loire,6,21.0
Loire,7,22.5
Loire,8,21.0
Loire,9,17.0
Loire,10,11.5
Loire,11,6.0
Loire,12,2.0
Haute-Loire,1,-1.5
Haute-Loire,2,0.0
Haute-Loire,3,4.3
Haute-Loire,4,10.0
Haute-Loire,5,15.8
Haute-Loire,6,20.0
Haute-Loire,7,21.5
Haute-Loire,8,20.0
Haute-Loire,9,15.8
Haute-Loire,10,10.0
Haute-Loire,11,4.3
Haute-Loire,12,0.0
Loire-Atlantique,1,3.8
Loire-Atlantique,2,5.0
Loire-Atlantique,3,8.3
Loire-Atlantique,4,12.8
Loire-Atlantique,5,17.3
Loire-Atlantique,6,20.6
Loire-Atlantique,7,21.8
Loire-Atlantique,8,20.6
Loire-Atlantique,9,17.3
Loire-Atlantique,10,12.8
Loire-Atlantique,11,8.3
Loire-Atlantique,12,5.0
Loiret,1,0.0
Loiret,2,1.5
Loiret,3,5.8
Loiret,4,11.5
Loiret,5,17.2
Loiret,6,21.5
Loiret,7,23.0
Loiret,8,21.5
Loiret,9,17.2
Loiret,10,11.5
Loiret,11,5.8
Loiret,12,1.5
Lot,1,2.0
Lot,2,3.4
Lot,3,7.3
Lot,4,12.5
Lot,5,17.8
Lot,6,21.6
Lot,7,23.0
Lot,8,21.6
Lot,9,17.8
Lot,10,12.5
Lot,11,7.3
Lot,12,3.4
Lot-et-Garonne,1,3.0
Lot-et-Garonne,2,4.4
Lot-et-Garonne,3,8.3
Lot-et-Garonne,4,13.5
Lot-et-Garonne,5,18.8
Lot-et-Garonne,6,22.6
Lot-et-Garonne,7,24.0
Lot-et-Garonne,8,22.6
Lot-et-Garonne,9,18.8
Lot-et-Garonne,10,13.5
Lot-et-Garonne,11,8.3
Lot-et-Garonne,12,4.4
Lozère,1,-1.5
Lozère,2,0.0
Lozère,3,4.3
Lozère,4,10.0
Lozère,5,15.8
Lozère,6,20.0
Lozère,7,21.5
Lozère,8,20.0
Lozère,9,15.8
Lozère,10,10.0
Lozère,11,4.3
Lozère,12,0.0
Maine-et-Loire,1,1.5
Maine-et-Loire,2,2.9
Maine-et-Loire,3,6.8
Maine-et-Loire,4,12.0
Maine-et-Loire,5,17.2
Maine-et-Loire,6,21.1
Maine-et-Loire,7,22.5
Maine-et-Loire,8,21.1
Maine-et-Loire,9,17.2
Maine-et-Loire,10,12.0
Maine-et-Loire,11,6.8
Maine-et-Loire,12,2.9
Manche,1,3.5
Manche,2,4.5
Manche,3,7.3
Manche,4,11.0
Manche,5,14.8
Manche,6,17.5
Manche,7,18.5
Manche,8,17.5
Manche,9,14.8
Manche,10,11.0
Manche,11,7.3
Manche,12,4.5
Marne,1,-1.0
Marne,2,0.5
Marne,3,4.8
Marne,4,10.5
Marne,5,16.2
Marne,6,20.5
Marne,7,22.0
Marne,8,20.5
Marne,9,16.2
Marne,10,10.5
Marne,11,4.8
Marne,12,0.5
Haute-Marne,1,-2.0
Haute-Marne,2,-0.4
Haute-Marne,3,4.0
Haute-Marne,4,10.0
Haute-Marne,5,16.0
Haute-Marne,6,20.4
Haute-Marne,7,22.0
Haute-Marne,8,20.4
Haute-Marne,9,16.0
Haute-Marne,10,10.0
Haute-Marne,11,4.0
Haute-Marne,12,-0.4
Mayenne,1,1.0
Mayenne,2,2.4
Mayenne,3,6.3
Mayenne,4,11.5
Mayenne,5,16.8
Mayenne,6,20.6
Mayenne,7,22.0
Mayenne,8,20.6
Mayenne,9,16.8
Mayenne,10,11.5
Mayenne,11,6.3
Mayenne,12,2.4
Meurthe-et-Moselle,1,-1.0
Meurthe-et-Moselle,2,0.5
Meurthe-et-Moselle,3,4.8
Meurthe-et-Moselle,4,10.5
Meurthe-et-Moselle,5,16.2
Meurthe-et-Moselle,6,20.5
Meurthe-et-Moselle,7,22.0
Meurthe-et-Moselle,8,20.5
Meurthe-et-Moselle,9,16.2
Meurthe-et-Moselle,10,10.5
Meurthe-et-Moselle,11,4.8
Meurthe-et-Moselle,12,0.5
Meuse,1,-2.0
Meuse,2,-0.4
Meuse,3,4.0
Meuse,4,10.0
Meuse,5,16.0
Meuse,6,20.4
Meuse,7,22.0
Meuse,8,20.4
Meuse,9,16.0
Meuse,10,10.0
Meuse,11,4.0
Meuse,12,-0.4
Morbihan,1,4.0
Morbihan,2,5.1
Morbihan,3,8.0
Morbihan,4,12.0
Morbihan,5,16.0
Morbihan,6,18.9
Morbihan,7,20.0
Morbihan,8,18.9
Morbihan,9,16.0
Morbihan,10,12.0
Morbihan,11,8.0
Morbihan,12,5.1
Moselle,1,-1.5
Moselle,2,0.0
Moselle,3,4.3
Moselle,4,10.0
Moselle,5,15.8
Moselle,6,20.0
Moselle,7,21.5
Moselle,8,20.0
Moselle,9,15.8
Moselle,10,10.0
Moselle,11,4.3
Moselle,12,0.0
Nièvre,1,0.0
Nièvre,2,1.5
Nièvre,3,5.8
Nièvre,4,11.5
Nièvre,5,17.2
Nièvre,6,21.5
Nièvre,7,23.0
Nièvre,8,21.5
Nièvre,9,17.2
Nièvre,10,11.5
Nièvre,11,5.8
Nièvre,12,1.5
Nord,1,0.8
Nord,2,2.1
Nord,3,5.8
Nord,4,10.8
Nord,5,15.8
Nord,6,19.5
Nord,7,20.8
Nord,8,19.5
Nord,9,15.8
Nord,10,10.8
Nord,11,5.8
Nord,12,2.1
Oise,1,0.0
Oise,2,1.5
Oise,3,5.5
Oise,4,11.0
Oise,5,16.5
Oise,6,20.5
Oise,7,22.0
Oise,8,20.5
Oise,9,16.5
Oise,10,11.0
Oise,11,5.5
Oise,12,1.5
Orne,1,0.5
Orne,2,1.9
Orne,3,5.8
Orne,4,11.0
Orne,5,16.2
Orne,6,20.1
Orne,7,21.5
Orne,8,20.1
Orne,9,16.2
Orne,10,11.0
Orne,11,5.8
Orne,12,1.9
Pas-de-Calais,1,1.0
Pas-de-Calais,2,2.3
Pas-de-Calais,3,5.8
Pas-de-Calais,4,10.5
Pas-de-Calais,5,15.2
Pas-de-Calais,6,18.7
Pas-de-Calais,7,20.0
Pas-de-Calais,8,18.7
Pas-de-Calais,9,15.2
Pas-de-Calais,10,10.5
Pas-de-Calais,11,5.8
Pas-de-Calais,12,2.3
Puy-de-Dôme,1,0.0
Puy-de-Dôme,2,1.5
Puy-de-Dôme,3,5.5
Puy-de-Dôme,4,11.0
Puy-de-Dôme,5,16.5
Puy-de-Dôme,6,20.5
Puy-de-Dôme,7,22.0
Puy-de-Dôme,8,20.5
Puy-de-Dôme,9,16.5
Puy-de-Dôme,10,11.0
Puy-de-Dôme,11,5.5
Puy-de-Dôme,12,1.5
Pyrénées-Atlantiques,1,4.5
Pyrénées-Atlantiques,2,5.7
Pyrénées-Atlantiques,3,9.0
Pyrénées-Atlantiques,4,13.5
Pyrénées-Atlantiques,5,18.0
Pyrénées-Atlantiques,6,21.3
Pyrénées-Atlantiques,7,22.5
Pyrénées-Atlantiques,8,21.3
Pyrénées-Atlantiques,9,18.0
Pyrénées-Atlantiques,10,13.5
Pyrénées-Atlantiques,11,9.0
Pyrénées-Atlantiques,12,5.7
Hautes-Pyrénées,1,1.0
Hautes-Pyrénées,2,2.3
Hautes-Pyrénées,3,6.0
Hautes-Pyrénées,4,11.0
Hautes-Pyrénées,5,16.0
Hautes-Pyrénées,6,19.7
Hautes-Pyrénées,7,21.0
Hautes-Pyrénées,8,19.7
Hautes-Pyrénées,9,16.0
Hautes-Pyrénées,10,11.0
Hautes-Pyrénées,11,6.0
Hautes-Pyrénées,12,2.3
Pyrénées-Orientales,1,6.0
Pyrénées-Orientales,2,7.3
Pyrénées-Orientales,3,10.8
Pyrénées-Orientales,4,15.5
Pyrénées-Orientales,5,20.2
Pyrénées-Orientales,6,23.7
Pyrénées-Orientales,7,25.0
Pyrénées-Orientales,8,23.7
Pyrénées-Orientales,9,20.2
Pyrénées-Orientales,10,15.5
Pyrénées-Orientales,11,10.8
Pyrénées-Orientales,12,7.3
Bas-Rhin,1,-0.6
Bas-Rhin,2,0.9
Bas-Rhin,3,5.2
Bas-Rhin,4,10.9
Bas-Rhin,5,16.7
Bas-Rhin,6,20.9
Bas-Rhin,7,22.4
Bas-Rhin,8,20.9
Bas-Rhin,9,16.7
Bas-Rhin,10,10.9
Bas-Rhin,11,5.2
Bas-Rhin,12,0.9
Haut-Rhin,1,-1.0
Haut-Rhin,2,0.5
Haut-Rhin,3,4.8
Haut-Rhin,4,10.5
Haut-Rhin,5,16.2
Haut-Rhin,6,20.5
Haut-Rhin,7,22.0
Haut-Rhin,8,20.5
Haut-Rhin,9,16.2
Haut-Rhin,10,10.5
Haut-Rhin,11,4.8
Haut-Rhin,12,0.5
Rhône,1,1.4
Rhône,2,2.9
Rhône,3,6.9
Rhône,4,12.4
Rhône,5,17.9
Rhône,6,21.9
Rhône,7,23.4
Rhône,8,21.9
Rhône,9,17.9
Rhône,10,12.4
Rhône,11,6.9
Rhône,12,2.9
Haute-Saône,1,-1.5
Haute-Saône,2,0.0
Haute-Saône,3,4.3
Haute-Saône,4,10.0
Haute-Saône,5,15.8
Haute-Saône,6,20.0
Haute-Saône,7,21.5
Haute-Saône,8,20.0
Haute-Saône,9,15.8
Haute-Saône,10,10.0
Haute-Saône,11,4.3
Haute-Saône,12,0.0
Saône-et-Loire,1,0.0
Saône-et-Loire,2,1.5
Saône-et-Loire,3,5.8
Saône-et-Loire,4,11.5
Saône-et-Loire,5,17.2
Saône-et-Loire,6,21.5
Saône-et-Loire,7,23.0
Saône-et-Loire,8,21.5
Saône-et-Loire,9,17.2
Saône-et-Loire,10,11.5
Saône-et-Loire,11,5.8
Saône-et-Loire,12,1.5
Sarthe,1,0.5
Sarthe,2,2.0
Sarthe,3,6.0
Sarthe,4,11.5
Sarthe,5,17.0
Sarthe,6,21.0
Sarthe,7,22.5
Sarthe,8,21.0
Sarthe,9,17.0
Sarthe,10,11.5
Sarthe,11,6.0
Sarthe,12,2.0
Savoie,1,-1.5
Savoie,2,0.0
Savoie,3,4.3
Savoie,4,10.0
Savoie,5,15.8
Savoie,6,20.0
Savoie,7,21.5
Savoie,8,20.0
Savoie,9,15.8
Savoie,10,10.0
Savoie,11,4.3
Savoie,12,0.0
Haute-Savoie,1,-2.0
Haute-Savoie,2,-0.5
Haute-Savoie,3,3.8
Haute-Savoie,4,9.5
Haute-Savoie,5,15.2
Haute-Savoie,6,19.5
Haute-Savoie,7,21.0
Haute-Savoie,8,19.5
Haute-Savoie,9,15.2
Haute-Savoie,10,9.5
Haute-Savoie,11,3.8
Haute-Savoie,12,-0.5
Paris,1,1.3
Paris,2,2.8
Paris,3,6.8
Paris,4,12.3
Paris,5,17.8
Paris,6,21.8
Paris,7,23.3
Paris,8,21.8
Paris,9,17.8
Paris,10,12.3
Paris,11,6.8
Paris,12,2.8
Seine-Maritime,1,1.2
Seine-Maritime,2,2.5
Seine-Maritime,3,6.2
Seine-Maritime,4,11.2
Seine-Maritime,5,16.2
Seine-Maritime,6,19.9
Seine-Maritime,7,21.2
Seine-Maritime,8,19.9
Seine-Maritime,9,16.2
Seine-Maritime,10,11.2
Seine-Maritime,11,6.2
Seine-Maritime,12,2.5
Seine-et-Marne,1,0.5
Seine-et-Marne,2,2.0
Seine-et-Marne,3,6.0
Seine-et-Marne,4,11.5
Seine-et-Marne,5,17.0
Seine-et-Marne,6,21.0
Seine-et-Marne,7,22.5
Seine-et-Marne,8,21.0
Seine-et-Marne,9,17.0
Seine-et-Marne,10,11.5
Seine-et-Marne,11,6.0
Seine-et-Marne,12,2.0
Yvelines,1,0.5
Yvelines,2,2.0
Yvelines,3,6.0
Yvelines,4,11.5
Yvelines,5,17.0
Yvelines,6,21.0
Yvelines,7,22.5
Yvelines,8,21.0
Yvelines,9,17.0
Yvelines,10,11.5
Yvelines,11,6.0
Yvelines,12,2.0
Deux-Sèvres,1,2.0
Deux-Sèvres,2,3.4
Deux-Sèvres,3,7.3
Deux-Sèvres,4,12.5
Deux-Sèvres,5,17.8
Deux-Sèvres,6,21.6
Deux-Sèvres,7,23.0
Deux-Sèvres,8,21.6
Deux-Sèvres,9,17.8
Deux-Sèvres,10,12.5
Deux-Sèvres,11,7.3
Deux-Sèvres,12,3.4
Somme,1,0.0
Somme,2,1.4
Somme,3,5.3
Somme,4,10.5
Somme,5,15.8
Somme,6,19.6
Somme,7,21.0
Somme,8,19.6
Somme,9,15.8
Somme,10,10.5
Somme,11,5.3
Somme,12,1.4
Tarn,1,2.5
Tarn,2,3.9
Tarn,3,7.8
Tarn,4,13.0
Tarn,5,18.2
Tarn,6,22.1
Tarn,7,23.5
Tarn,8,22.1
Tarn,9,18.2
Tarn,10,13.0
Tarn,11,7.8
Tarn,12,3.9
Tarn-et-Garonne,1,3.0
Tarn-et-Garonne,2,4.4
Tarn-et-Garonne,3,8.3
Tarn-et-Garonne,4,13.5
Tarn-et-Garonne,5,18.8
Tarn-et-Garonne,6,22.6
Tarn-et-Garonne,7,24.0
Tarn-et-Garonne,8,22.6
Tarn-et-Garonne,9,18.8
Tarn-et-Garonne,10,13.5
Tarn-et-Garonne,11,8.3
Tarn-et-Garonne,12,4.4
Var,1,6.9
Var,2,8.1
Var,3,11.4
Var,4,15.9
Var,5,20.4
Var,6,23.7
Var,7,24.9
Var,8,23.7
Var,9,20.4
Var,10,15.9
Var,11,11.4
Var,12,8.1
Vaucluse,1,4.5
Vaucluse,2,5.8
Vaucluse,3,9.5
Vaucluse,4,14.5
Vaucluse,5,19.5
Vaucluse,6,23.2
Vaucluse,7,24.5
Vaucluse,8,23.2
Vaucluse,9,19.5
Vaucluse,10,14.5
Vaucluse,11,9.5
Vaucluse,12,5.8
Vendée,1,3.5
Vendée,2,4.7
Vendée,3,8.0
Vendée,4,12.5
Vendée,5,17.0
Vendée,6,20.3
Vendée,7,21.5
Vendée,8,20.3
Vendée,9,17.0
Vendée,10,12.5
Vendée,11,8.0
Vendée,12,4.7
Vienne,1,2.0
Vienne,2,3.4
Vienne,3,7.3
Vienne,4,12.5
Vienne,5,17.8
Vienne,6,21.6
Vienne,7,23.0
Vienne,8,21.6
Vienne,9,17.8
Vienne,10,12.5
Vienne,11,7.3
Vienne,12,3.4
Haute-Vienne,1,0.5
Haute-Vienne,2,2.0
Haute-Vienne,3,6.0
Haute-Vienne,4,11.5
Haute-Vienne,5,17.0
Haute-Vienne,6,21.0
Haute-Vienne,7,22.5
Haute-Vienne,8,21.0
Haute-Vienne,9,17.0
Haute-Vienne,10,11.5
Haute-Vienne,11,6.0
Haute-Vienne,12,2.0
Vosges,1,-1.5
Vosges,2,0.0
Vosges,3,4.3
Vosges,4,10.0
Vosges,5,15.8
Vosges,6,20.0
Vosges,7,21.5
Vosges,8,20.0
Vosges,9,15.8
Vosges,10,10.0
Vosges,11,4.3
Vosges,12,0.0
Yonne,1,0.0
Yonne,2,1.5
Yonne,3,5.8
Yonne,4,11.5
Yonne,5,17.2
Yonne,6,21.5
Yonne,7,23.0
Yonne,8,21.5
Yonne,9,17.2
Yonne,10,11.5
Yonne,11,5.8
Yonne,12,1.5
Territoire de Belfort,1,-1.5
Territoire de Belfort,2,0.0
Territoire de Belfort,3,4.3
Territoire de Belfort,4,10.0
Territoire de Belfort,5,15.8
Territoire de Belfort,6,20.0
Territoire de Belfort,7,21.5
Territoire de Belfort,8,20.0
Territoire de Belfort,9,15.8
Territoire de Belfort,10,10.0
Territoire de Belfort,11,4.3
Territoire de Belfort,12,0.0
Essonne,1,0.5
Essonne,2,2.0
Essonne,3,6.0
Essonne,4,11.5
Essonne,5,17.0
Essonne,6,21.0
Essonne,7,22.5
Essonne,8,21.0
Essonne,9,17.0
Essonne,10,11.5
Essonne,11,6.0
Essonne,12,2.0
Hauts-de-Seine,1,1.0
Hauts-de-Seine,2,2.5
Hauts-de-Seine,3,6.5
Hauts-de-Seine,4,12.0
Hauts-de-Seine,5,17.5
Hauts-de-Seine,6,21.5
Hauts-de-Seine,7,23.0
Hauts-de-Seine,8,21.5
Hauts-de-Seine,9,17.5
Hauts-de-Seine,10,12.0
Hauts-de-Seine,11,6.5
Hauts-de-Seine,12,2.5
Seine-Saint-Denis,1,1.0
Seine-Saint-Denis,2,2.5
Seine-Saint-Denis,3,6.5
Seine-Saint-Denis,4,12.0
Seine-Saint-Denis,5,17.5
Seine-Saint-Denis,6,21.5
Seine-Saint-Denis,7,23.0
Seine-Saint-Denis,8,21.5
Seine-Saint-Denis,9,17.5
Seine-Saint-Denis,10,12.0
Seine-Saint-Denis,11,6.5
Seine-Saint-Denis,12,2.5
Val-de-Marne,1,1.0
Val-de-Marne,2,2.5
Val-de-Marne,3,6.5
Val-de-Marne,4,12.0
Val-de-Marne,5,17.5
Val-de-Marne,6,21.5
Val-de-Marne,7,23.0
Val-de-Marne,8,21.5
Val-de-Marne,9,17.5
Val-de-Marne,10,12.0
Val-de-Marne,11,6.5
Val-de-Marne,12,2.5
Val-d'Oise,1,0.5
Val-d'Oise,2,2.0
Val-d'Oise,3,6.0
Val-d'Oise,4,11.5
Val-d'Oise,5,17.0
Val-d'Oise,6,21.0
Val-d'Oise,7,22.5
Val-d'Oise,8,21.0
Val-d'Oise,9,17.0
Val-d'Oise,10,11.5
Val-d'Oise,11,6.0
Val-d'Oise,12,2.0
Guadeloupe,1,24.0
Guadeloupe,2,24.3
Guadeloupe,3,25.0
Guadeloupe,4,26.0
Guadeloupe,5,27.0
Guadeloupe,6,27.7
Guadeloupe,7,28.0
Guadeloupe,8,27.7
Guadeloupe,9,27.0
Guadeloupe,10,26.0
Guadeloupe,11,25.0
Guadeloupe,12,24.3
Martinique,1,24.5
Martinique,2,24.8
Martinique,3,25.5
Martinique,4,26.5
Martinique,5,27.5
Martinique,6,28.2
Martinique,7,28.5
Martinique,8,28.2
Martinique,9,27.5
Martinique,10,26.5
Martinique,11,25.5
Martinique,12,24.8
Guyane,1,25.0
Guyane,2,25.2
Guyane,3,25.8
Guyane,4,26.5
Guyane,5,27.2
Guyane,6,27.8
Guyane,7,28.0
Guyane,8,27.8
Guyane,9,27.2
Guyane,10,26.5
Guyane,11,25.8
Guyane,12,25.2
La Réunion,1,20.0
La Réunion,2,20.4
La Réunion,3,21.5
La Réunion,4,23.0
La Réunion,5,24.5
La Réunion,6,25.6
La Réunion,7,26.0
La Réunion,8,25.6
La Réunion,9,24.5
La Réunion,10,23.0
La Réunion,11,21.5
La Réunion,12,20.4
Mayotte,1,24.0
Mayotte,2,24.3
Mayotte,3,25.0
Mayotte,4,26.0
Mayotte,5,27.0
Mayotte,6,27.7
Mayotte,7,28.0
Mayotte,8,27.7
Mayotte,9,27.0
Mayotte,10,26.0
Mayotte,11,25.0
Mayotte,12,24.3
