departement,mois,annee,temperature_moyenne
Paris,1,2018,2.1
Paris,2,2018,2.3
Paris,3,2018,8.1
Paris,4,2018,13.8
Paris,5,2018,16.4
Paris,6,2018,21.0
Paris,7,2018,23.9
Paris,8,2018,22.0
Paris,9,2018,18.3
Paris,10,2018,12.0
Paris,11,2018,8.2
Paris,12,2018,4.1
Paris,1,2019,1.9
Paris,2,2019,4.5
Paris,3,2019,7.8
Paris,4,2019,12.0
Paris,5,2019,18.7
Paris,6,2019,21.4
Paris,7,2019,24.7
Paris,8,2019,22.3
Paris,9,2019,18.2
Paris,10,2019,12.2
Paris,11,2019,8.6
Paris,12,2019,3.2
Paris,1,2020,1.5
Paris,2,2020,3.0
Paris,3,2020,7.9
Paris,4,2020,13.3
Paris,5,2020,18.8
Paris,6,2020,22.8
Paris,7,2020,26.0
Paris,8,2020,22.0
Paris,9,2020,17.9
Paris,10,2020,12.1
Paris,11,2020,8.0
Paris,12,2020,4.5
Paris,1,2021,1.8
Paris,2,2021,2.6
Paris,3,2021,6.6
Paris,4,2021,13.6
Paris,5,2021,19.2
Paris,6,2021,23.0
Paris,7,2021,23.3
Paris,8,2021,22.7
Paris,9,2021,18.6
Paris,10,2021,13.2
Paris,11,2021,8.3
Paris,12,2021,3.7
Paris,1,2022,2.7
Paris,2,2022,3.5
Paris,3,2022,7.8
Paris,4,2022,13.6
Paris,5,2022,17.0
Paris,6,2022,22.2
Paris,7,2022,23.5
Paris,8,2022,21.8
Paris,9,2022,18.2
Paris,10,2022,14.5
Paris,11,2022,6.6
Paris,12,2022,4.4
Paris,1,2023,0.3
Paris,2,2023,3.2
Paris,3,2023,7.7
Paris,4,2023,13.6
Paris,5,2023,19.2
Paris,6,2023,23.3
Paris,7,2023,23.7
Paris,8,2023,22.1
Paris,9,2023,19.4
Paris,10,2023,12.8
Paris,11,2023,6.2
Paris,12,2023,2.4
Paris,1,2024,1.1
Paris,2,2024,4.1
Paris,3,2024,7.7
Paris,4,2024,13.8
Paris,5,2024,18.1
Paris,6,2024,22.7
Paris,7,2024,24.7
Paris,8,2024,22.3
Paris,9,2024,19.0
Paris,10,2024,12.4
Paris,11,2024,7.2
Paris,12,2024,3.2
Seine-Maritime,1,2018,-0.5
Seine-Maritime,2,2018,2.7
Seine-Maritime,3,2018,5.8
Seine-Maritime,4,2018,11.7
Seine-Maritime,5,2018,17.7
Seine-Maritime,6,2018,21.7
Seine-Maritime,7,2018,23.4
Seine-Maritime,8,2018,21.1
Seine-Maritime,9,2018,16.8
Seine-Maritime,10,2018,11.6
Seine-Maritime,11,2018,4.5
Seine-Maritime,12,2018,0.8
Seine-Maritime,1,2019,-0.6
Seine-Maritime,2,2019,1.3
Seine-Maritime,3,2019,6.7
Seine-Maritime,4,2019,10.9
Seine-Maritime,5,2019,16.9
Seine-Maritime,6,2019,22.6
Seine-Maritime,7,2019,22.4
Seine-Maritime,8,2019,22.0
Seine-Maritime,9,2019,16.3
Seine-Maritime,10,2019,11.6
Seine-Maritime,11,2019,5.3
Seine-Maritime,12,2019,1.9
Seine-Maritime,1,2020,1.6
Seine-Maritime,2,2020,0.6
Seine-Maritime,3,2020,6.7
Seine-Maritime,4,2020,12.0
Seine-Maritime,5,2020,16.7
Seine-Maritime,6,2020,19.9
Seine-Maritime,7,2020,22.9
Seine-Maritime,8,2020,20.8
Seine-Maritime,9,2020,17.5
Seine-Maritime,10,2020,11.8
Seine-Maritime,11,2020,7.9
Seine-Maritime,12,2020,2.1
Seine-Maritime,1,2021,-0.2
Seine-Maritime,2,2021,2.5
Seine-Maritime,3,2021,6.6
Seine-Maritime,4,2021,13.2
Seine-Maritime,5,2021,18.2
Seine-Maritime,6,2021,21.7
Seine-Maritime,7,2021,24.3
Seine-Maritime,8,2021,20.2
Seine-Maritime,9,2021,16.7
Seine-Maritime,10,2021,10.9
Seine-Maritime,11,2021,6.0
Seine-Maritime,12,2021,1.0
Seine-Maritime,1,2022,1.5
Seine-Maritime,2,2022,2.2
Seine-Maritime,3,2022,4.9
Seine-Maritime,4,2022,10.9
Seine-Maritime,5,2022,17.7
Seine-Maritime,6,2022,22.2
Seine-Maritime,7,2022,24.9
Seine-Maritime,8,2022,24.3
Seine-Maritime,9,2022,17.8
Seine-Maritime,10,2022,10.9
Seine-Maritime,11,2022,4.2
Seine-Maritime,12,2022,2.6
Seine-Maritime,1,2023,0.1
Seine-Maritime,2,2023,2.0
Seine-Maritime,3,2023,5.8
Seine-Maritime,4,2023,11.8
Seine-Maritime,5,2023,18.5
Seine-Maritime,6,2023,21.6
Seine-Maritime,7,2023,22.8
Seine-Maritime,8,2023,20.4
Seine-Maritime,9,2023,15.7
Seine-Maritime,10,2023,11.4
Seine-Maritime,11,2023,6.4
Seine-Maritime,12,2023,4.2
Seine-Maritime,1,2024,1.1
Seine-Maritime,2,2024,3.4
Seine-Maritime,3,2024,6.0
Seine-Maritime,4,2024,10.8
Seine-Maritime,5,2024,16.5
Seine-Maritime,6,2024,20.7
Seine-Maritime,7,2024,25.1
Seine-Maritime,8,2024,20.6
Seine-Maritime,9,2024,18.3
Seine-Maritime,10,2024,11.1
Seine-Maritime,11,2024,7.4
Seine-Maritime,12,2024,2.8
Nord,1,2018,0.2
Nord,2,2018,1.8
Nord,3,2018,5.2
Nord,4,2018,11.8
Nord,5,2018,16.4
Nord,6,2018,19.6
Nord,7,2018,21.0
Nord,8,2018,21.0
Nord,9,2018,18.4
Nord,10,2018,11.5
Nord,11,2018,5.7
Nord,12,2018,2.1
Nord,1,2019,1.7
Nord,2,2019,2.1
Nord,3,2019,5.4
Nord,4,2019,12.5
Nord,5,2019,17.3
Nord,6,2019,22.4
Nord,7,2019,22.5
Nord,8,2019,19.6
Nord,9,2019,15.5
Nord,10,2019,13.0
Nord,11,2019,7.6
Nord,12,2019,1.7
Nord,1,2020,0.0
Nord,2,2020,3.4
Nord,3,2020,4.8
Nord,4,2020,10.5
Nord,5,2020,17.5
Nord,6,2020,20.5
Nord,7,2020,22.4
Nord,8,2020,20.7
Nord,9,2020,17.2
Nord,10,2020,12.8
Nord,11,2020,6.0
Nord,12,2020,2.5
Nord,1,2021,-1.6
Nord,2,2021,1.9
Nord,3,2021,5.1
Nord,4,2021,10.2
Nord,5,2021,16.1
Nord,6,2021,20.6
Nord,7,2021,23.4
Nord,8,2021,19.6
Nord,9,2021,17.0
Nord,10,2021,11.0
Nord,11,2021,5.6
Nord,12,2021,2.9
Nord,1,2022,1.0
Nord,2,2022,3.3
Nord,3,2022,5.8
Nord,4,2022,10.8
Nord,5,2022,16.8
Nord,6,2022,21.2
Nord,7,2022,22.7
Nord,8,2022,19.9
Nord,9,2022,17.1
Nord,10,2022,11.7
Nord,11,2022,8.5
Nord,12,2022,3.9
Nord,1,2023,-0.3
Nord,2,2023,1.7
Nord,3,2023,4.6
Nord,4,2023,10.9
Nord,5,2023,17.3
Nord,6,2023,22.2
Nord,7,2023,21.8
Nord,8,2023,20.4
Nord,9,2023,14.9
Nord,10,2023,11.4
Nord,11,2023,5.0
Nord,12,2023,1.5
Nord,1,2024,-0.3
Nord,2,2024,2.0
Nord,3,2024,4.3
Nord,4,2024,10.1
Nord,5,2024,19.2
Nord,6,2024,19.8
Nord,7,2024,21.5
Nord,8,2024,22.9
Nord,9,2024,20.0
Nord,10,2024,10.4
Nord,11,2024,5.7
Nord,12,2024,2.4
Gironde,1,2018,5.2
Gironde,2,2018,4.0
Gironde,3,2018,8.8
Gironde,4,2018,15.3
Gironde,5,2018,20.5
Gironde,6,2018,23.6
Gironde,7,2018,25.4
Gironde,8,2018,22.6
Gironde,9,2018,19.8
Gironde,10,2018,14.3
Gironde,11,2018,9.3
Gironde,12,2018,4.5
Gironde,1,2019,4.0
Gironde,2,2019,6.1
Gironde,3,2019,9.2
Gironde,4,2019,14.9
Gironde,5,2019,20.1
Gironde,6,2019,24.1
Gironde,7,2019,24.8
Gironde,8,2019,24.4
Gironde,9,2019,20.0
Gironde,10,2019,16.7
Gironde,11,2019,10.6
Gironde,12,2019,5.4
Gironde,1,2020,2.8
Gironde,2,2020,4.0
Gironde,3,2020,10.3
Gironde,4,2020,14.9
Gironde,5,2020,20.6
Gironde,6,2020,22.4
Gironde,7,2020,26.5
Gironde,8,2020,24.6
Gironde,9,2020,19.0
Gironde,10,2020,14.1
Gironde,11,2020,9.4
Gironde,12,2020,5.2
Gironde,1,2021,3.3
Gironde,2,2021,5.0
Gironde,3,2021,8.9
Gironde,4,2021,14.8
Gironde,5,2021,21.6
Gironde,6,2021,21.6
Gironde,7,2021,25.4
Gironde,8,2021,24.3
Gironde,9,2021,20.4
Gironde,10,2021,14.3
Gironde,11,2021,7.4
Gironde,12,2021,5.5
Gironde,1,2022,5.4
Gironde,2,2022,3.6
Gironde,3,2022,10.0
Gironde,4,2022,14.4
Gironde,5,2022,20.1
Gironde,6,2022,23.1
Gironde,7,2022,25.3
Gironde,8,2022,25.5
Gironde,9,2022,20.8
Gironde,10,2022,16.4
Gironde,11,2022,10.4
Gironde,12,2022,5.6
Gironde,1,2023,5.5
Gironde,2,2023,5.7
Gironde,3,2023,10.0
Gironde,4,2023,14.4
Gironde,5,2023,20.3
Gironde,6,2023,23.5
Gironde,7,2023,26.7
Gironde,8,2023,23.0
Gironde,9,2023,21.0
Gironde,10,2023,14.5
Gironde,11,2023,10.4
Gironde,12,2023,6.0
Gironde,1,2024,5.6
Gironde,2,2024,6.0
Gironde,3,2024,7.7
Gironde,4,2024,14.7
Gironde,5,2024,19.1
Gironde,6,2024,23.7
Gironde,7,2024,27.3
Gironde,8,2024,24.9
Gironde,9,2024,19.6
Gironde,10,2024,13.7
Gironde,11,2024,9.3
Gironde,12,2024,4.0
Haute-Garonne,1,2018,2.7
Haute-Garonne,2,2018,5.2
Haute-Garonne,3,2018,10.1
Haute-Garonne,4,2018,15.0
Haute-Garonne,5,2018,17.6
Haute-Garonne,6,2018,24.2
Haute-Garonne,7,2018,25.5
Haute-Garonne,8,2018,24.3
Haute-Garonne,9,2018,21.5
Haute-Garonne,10,2018,12.4
Haute-Garonne,11,2018,8.3
Haute-Garonne,12,2018,5.5
Haute-Garonne,1,2019,1.9
Haute-Garonne,2,2019,6.4
Haute-Garonne,3,2019,9.3
Haute-Garonne,4,2019,15.3
Haute-Garonne,5,2019,19.4
Haute-Garonne,6,2019,24.8
Haute-Garonne,7,2019,26.5
Haute-Garonne,8,2019,24.2
Haute-Garonne,9,2019,20.2
Haute-Garonne,10,2019,14.7
Haute-Garonne,11,2019,8.1
Haute-Garonne,12,2019,4.8
Haute-Garonne,1,2020,3.3
Haute-Garonne,2,2020,5.4
Haute-Garonne,3,2020,10.0
Haute-Garonne,4,2020,13.4
Haute-Garonne,5,2020,19.9
Haute-Garonne,6,2020,25.5
Haute-Garonne,7,2020,24.8
Haute-Garonne,8,2020,23.2
Haute-Garonne,9,2020,20.2
Haute-Garonne,10,2020,15.3
Haute-Garonne,11,2020,9.0
Haute-Garonne,12,2020,6.3
Haute-Garonne,1,2021,4.4
Haute-Garonne,2,2021,5.9
Haute-Garonne,3,2021,9.6
Haute-Garonne,4,2021,16.9
Haute-Garonne,5,2021,19.8
Haute-Garonne,6,2021,22.0
Haute-Garonne,7,2021,27.1
Haute-Garonne,8,2021,23.6
Haute-Garonne,9,2021,20.1
Haute-Garonne,10,2021,15.8
Haute-Garonne,11,2021,7.4
Haute-Garonne,12,2021,3.8
Haute-Garonne,1,2022,2.0
Haute-Garonne,2,2022,4.3
Haute-Garonne,3,2022,9.5
Haute-Garonne,4,2022,15.1
Haute-Garonne,5,2022,20.4
Haute-Garonne,6,2022,22.7
Haute-Garonne,7,2022,23.3
Haute-Garonne,8,2022,24.1
Haute-Garonne,9,2022,19.6
Haute-Garonne,10,2022,15.0
Haute-Garonne,11,2022,9.8
Haute-Garonne,12,2022,5.2
Haute-Garonne,1,2023,4.4
Haute-Garonne,2,2023,5.3
Haute-Garonne,3,2023,9.7
Haute-Garonne,4,2023,13.9
Haute-Garonne,5,2023,19.9
Haute-Garonne,6,2023,24.3
Haute-Garonne,7,2023,26.4
Haute-Garonne,8,2023,23.7
Haute-Garonne,9,2023,20.6
Haute-Garonne,10,2023,14.4
Haute-Garonne,11,2023,9.0
Haute-Garonne,12,2023,5.9
Haute-Garonne,1,2024,1.7
Haute-Garonne,2,2024,3.9
Haute-Garonne,3,2024,7.7
Haute-Garonne,4,2024,12.3
Haute-Garonne,5,2024,19.5
Haute-Garonne,6,2024,24.9
Haute-Garonne,7,2024,25.4
Haute-Garonne,8,2024,24.4
Haute-Garonne,9,2024,21.2
Haute-Garonne,10,2024,16.0
Haute-Garonne,11,2024,9.1
Haute-Garonne,12,2024,6.5
Loire-Atlantique,1,2018,2.4
Loire-Atlantique,2,2018,3.0
Loire-Atlantique,3,2018,7.2
Loire-Atlantique,4,2018,11.8
Loire-Atlantique,5,2018,17.9
Loire-Atlantique,6,2018,22.5
Loire-Atlantique,7,2018,25.1
Loire-Atlantique,8,2018,24.5
Loire-Atlantique,9,2018,17.4
Loire-Atlantique,10,2018,13.7
Loire-Atlantique,11,2018,6.8
Loire-Atlantique,12,2018,4.3
Loire-Atlantique,1,2019,2.2
Loire-Atlantique,2,2019,2.0
Loire-Atlantique,3,2019,8.8
Loire-Atlantique,4,2019,12.8
Loire-Atlantique,5,2019,18.3
Loire-Atlantique,6,2019,21.8
Loire-Atlantique,7,2019,23.7
Loire-Atlantique,8,2019,23.3
Loire-Atlantique,9,2019,18.7
Loire-Atlantique,10,2019,13.7
Loire-Atlantique,11,2019,8.2
Loire-Atlantique,12,2019,5.2
Loire-Atlantique,1,2020,2.1
Loire-Atlantique,2,2020,2.4
Loire-Atlantique,3,2020,9.0
Loire-Atlantique,4,2020,13.1
Loire-Atlantique,5,2020,20.0
Loire-Atlantique,6,2020,23.3
Loire-Atlantique,7,2020,24.3
Loire-Atlantique,8,2020,23.2
Loire-Atlantique,9,2020,20.9
Loire-Atlantique,10,2020,15.5
Loire-Atlantique,11,2020,8.0
Loire-Atlantique,12,2020,4.1
Loire-Atlantique,1,2021,3.5
Loire-Atlantique,2,2021,3.1
Loire-Atlantique,3,2021,8.3
Loire-Atlantique,4,2021,13.4
Loire-Atlantique,5,2021,19.3
Loire-Atlantique,6,2021,22.1
Loire-Atlantique,7,2021,22.9
Loire-Atlantique,8,2021,20.9
Loire-Atlantique,9,2021,17.8
Loire-Atlantique,10,2021,13.0
Loire-Atlantique,11,2021,7.6
Loire-Atlantique,12,2021,5.9
Loire-Atlantique,1,2022,3.6
Loire-Atlantique,2,2022,3.0
Loire-Atlantique,3,2022,8.3
Loire-Atlantique,4,2022,13.1
Loire-Atlantique,5,2022,18.7
Loire-Atlantique,6,2022,23.2
Loire-Atlantique,7,2022,25.1
Loire-Atlantique,8,2022,22.6
Loire-Atlantique,9,2022,20.0
Loire-Atlantique,10,2022,12.3
Loire-Atlantique,11,2022,8.0
Loire-Atlantique,12,2022,6.6
Loire-Atlantique,1,2023,2.7
Loire-Atlantique,2,2023,5.5
Loire-Atlantique,3,2023,8.1
Loire-Atlantique,4,2023,14.1
Loire-Atlantique,5,2023,19.0
Loire-Atlantique,6,2023,22.8
Loire-Atlantique,7,2023,23.7
Loire-Atlantique,8,2023,23.5
Loire-Atlantique,9,2023,18.2
Loire-Atlantique,10,2023,14.2
Loire-Atlantique,11,2023,9.1
Loire-Atlantique,12,2023,4.4
Loire-Atlantique,1,2024,2.3
Loire-Atlantique,2,2024,4.5
Loire-Atlantique,3,2024,7.8
Loire-Atlantique,4,2024,14.5
Loire-Atlantique,5,2024,17.2
Loire-Atlantique,6,2024,22.7
Loire-Atlantique,7,2024,22.6
Loire-Atlantique,8,2024,21.6
Loire-Atlantique,9,2024,20.4
Loire-Atlantique,10,2024,14.5
Loire-Atlantique,11,2024,7.3
Loire-Atlantique,12,2024,2.6
Bouches-du-Rhône,1,2018,2.2
Bouches-du-Rhône,2,2018,6.1
Bouches-du-Rhône,3,2018,13.0
Bouches-du-Rhône,4,2018,16.6
Bouches-du-Rhône,5,2018,21.1
Bouches-du-Rhône,6,2018,26.1
Bouches-du-Rhône,7,2018,25.6
Bouches-du-Rhône,8,2018,25.3
Bouches-du-Rhône,9,2018,21.7
Bouches-du-Rhône,10,2018,16.0
Bouches-du-Rhône,11,2018,11.4
Bouches-du-Rhône,12,2018,7.0
Bouches-du-Rhône,1,2019,5.8
Bouches-du-Rhône,2,2019,6.0
Bouches-du-Rhône,3,2019,11.6
Bouches-du-Rhône,4,2019,17.8
Bouches-du-Rhône,5,2019,20.7
Bouches-du-Rhône,6,2019,24.8
Bouches-du-Rhône,7,2019,28.5
Bouches-du-Rhône,8,2019,25.5
Bouches-du-Rhône,9,2019,23.1
Bouches-du-Rhône,10,2019,15.7
Bouches-du-Rhône,11,2019,12.1
Bouches-du-Rhône,12,2019,6.8
Bouches-du-Rhône,1,2020,5.5
Bouches-du-Rhône,2,2020,8.3
Bouches-du-Rhône,3,2020,10.3
Bouches-du-Rhône,4,2020,15.3
Bouches-du-Rhône,5,2020,21.3
Bouches-du-Rhône,6,2020,26.2
Bouches-du-Rhône,7,2020,25.6
Bouches-du-Rhône,8,2020,26.3
Bouches-du-Rhône,9,2020,21.2
Bouches-du-Rhône,10,2020,17.3
Bouches-du-Rhône,11,2020,8.3
Bouches-du-Rhône,12,2020,5.9
Bouches-du-Rhône,1,2021,3.6
Bouches-du-Rhône,2,2021,5.9
Bouches-du-Rhône,3,2021,11.0
Bouches-du-Rhône,4,2021,16.1
Bouches-du-Rhône,5,2021,21.5
Bouches-du-Rhône,6,2021,25.6
Bouches-du-Rhône,7,2021,27.4
Bouches-du-Rhône,8,2021,24.7
Bouches-du-Rhône,9,2021,22.4
Bouches-du-Rhône,10,2021,16.9
Bouches-du-Rhône,11,2021,11.1
Bouches-du-Rhône,12,2021,7.3
Bouches-du-Rhône,1,2022,5.6
Bouches-du-Rhône,2,2022,8.8
Bouches-du-Rhône,3,2022,10.7
Bouches-du-Rhône,4,2022,16.0
Bouches-du-Rhône,5,2022,21.0
Bouches-du-Rhône,6,2022,24.7
Bouches-du-Rhône,7,2022,26.0
Bouches-du-Rhône,8,2022,24.9
Bouches-du-Rhône,9,2022,21.7
Bouches-du-Rhône,10,2022,16.6
Bouches-du-Rhône,11,2022,10.8
Bouches-du-Rhône,12,2022,6.0
Bouches-du-Rhône,1,2023,6.2
Bouches-du-Rhône,2,2023,7.6
Bouches-du-Rhône,3,2023,10.7
Bouches-du-Rhône,4,2023,15.7
Bouches-du-Rhône,5,2023,22.4
Bouches-du-Rhône,6,2023,26.0
Bouches-du-Rhône,7,2023,25.9
Bouches-du-Rhône,8,2023,25.8
Bouches-du-Rhône,9,2023,22.1
Bouches-du-Rhône,10,2023,15.4
Bouches-du-Rhône,11,2023,11.0
Bouches-du-Rhône,12,2023,5.4
Bouches-du-Rhône,1,2024,6.7
Bouches-du-Rhône,2,2024,8.1
Bouches-du-Rhône,3,2024,10.6
Bouches-du-Rhône,4,2024,16.7
Bouches-du-Rhône,5,2024,19.5
Bouches-du-Rhône,6,2024,24.7
Bouches-du-Rhône,7,2024,27.1
Bouches-du-Rhône,8,2024,24.8
Bouches-du-Rhône,9,2024,22.6
Bouches-du-Rhône,10,2024,18.4
Bouches-du-Rhône,11,2024,9.7
Bouches-du-Rhône,12,2024,6.0
Var,1,2018,5.7
Var,2,2018,8.5
Var,3,2018,9.7
Var,4,2018,16.7
Var,5,2018,23.7
Var,6,2018,24.3
Var,7,2018,26.1
Var,8,2018,25.5
Var,9,2018,21.4
Var,10,2018,17.2
Var,11,2018,11.2
Var,12,2018,5.1
Var,1,2019,6.0
Var,2,2019,6.4
Var,3,2019,12.2
Var,4,2019,15.8
Var,5,2019,21.3
Var,6,2019,26.5
Var,7,2019,28.2
Var,8,2019,26.4
Var,9,2019,20.3
Var,10,2019,17.0
Var,11,2019,9.9
Var,12,2019,7.2
Var,1,2020,4.1
Var,2,2020,7.4
Var,3,2020,10.2
Var,4,2020,15.2
Var,5,2020,22.7
Var,6,2020,26.2
Var,7,2020,26.9
Var,8,2020,27.5
Var,9,2020,21.6
Var,10,2020,16.5
Var,11,2020,11.3
Var,12,2020,6.4
Var,1,2021,6.0
Var,2,2021,6.5
Var,3,2021,10.6
Var,4,2021,17.9
Var,5,2021,21.0
Var,6,2021,23.6
Var,7,2021,29.2
Var,8,2021,28.6
Var,9,2021,21.6
Var,10,2021,14.6
Var,11,2021,10.7
Var,12,2021,6.8
Var,1,2022,5.4
Var,2,2022,6.0
Var,3,2022,11.7
Var,4,2022,17.1
Var,5,2022,20.6
Var,6,2022,26.8
Var,7,2022,29.6
Var,8,2022,26.3
Var,9,2022,21.7
Var,10,2022,16.4
Var,11,2022,11.7
Var,12,2022,5.3
Var,1,2023,5.8
Var,2,2023,6.7
Var,3,2023,13.0
Var,4,2023,16.4
Var,5,2023,23.8
Var,6,2023,25.0
Var,7,2023,28.2
Var,8,2023,26.4
Var,9,2023,21.3
Var,10,2023,16.8
Var,11,2023,12.3
Var,12,2023,6.8
Var,1,2024,4.0
Var,2,2024,7.1
Var,3,2024,10.3
Var,4,2024,16.3
Var,5,2024,22.1
Var,6,2024,24.5
Var,7,2024,26.0
Var,8,2024,26.6
Var,9,2024,21.6
Var,10,2024,14.1
Var,11,2024,11.9
Var,12,2024,7.4
Rhône,1,2018,1.2
Rhône,2,2018,2.1
Rhône,3,2018,8.3
Rhône,4,2018,13.3
Rhône,5,2018,20.8
Rhône,6,2018,22.8
Rhône,7,2018,24.3
Rhône,8,2018,22.3
Rhône,9,2018,19.2
Rhône,10,2018,13.5
Rhône,11,2018,8.7
Rhône,12,2018,2.9
Rhône,1,2019,1.5
Rhône,2,2019,3.0
Rhône,3,2019,8.3
Rhône,4,2019,14.5
Rhône,5,2019,18.0
Rhône,6,2019,22.0
Rhône,7,2019,24.3
Rhône,8,2019,22.2
Rhône,9,2019,19.4
Rhône,10,2019,10.7
Rhône,11,2019,6.6
Rhône,12,2019,2.7
Rhône,1,2020,-0.3
Rhône,2,2020,2.5
Rhône,3,2020,6.6
Rhône,4,2020,12.8
Rhône,5,2020,19.6
Rhône,6,2020,22.3
Rhône,7,2020,23.0
Rhône,8,2020,22.4
Rhône,9,2020,19.5
Rhône,10,2020,12.0
Rhône,11,2020,6.6
Rhône,12,2020,4.1
Rhône,1,2021,1.8
Rhône,2,2021,4.2
Rhône,3,2021,7.5
Rhône,4,2021,13.7
Rhône,5,2021,17.5
Rhône,6,2021,22.5
Rhône,7,2021,23.8
Rhône,8,2021,21.3
Rhône,9,2021,17.0
Rhône,10,2021,13.7
Rhône,11,2021,7.2
Rhône,12,2021,2.5
Rhône,1,2022,2.0
Rhône,2,2022,4.7
Rhône,3,2022,5.3
Rhône,4,2022,11.6
Rhône,5,2022,17.7
Rhône,6,2022,24.0
Rhône,7,2022,24.4
Rhône,8,2022,23.3
Rhône,9,2022,17.4
Rhône,10,2022,12.0
Rhône,11,2022,8.0
Rhône,12,2022,3.6
Rhône,1,2023,2.7
Rhône,2,2023,3.4
Rhône,3,2023,7.9
Rhône,4,2023,13.3
Rhône,5,2023,19.4
Rhône,6,2023,23.4
Rhône,7,2023,22.5
Rhône,8,2023,20.4
Rhône,9,2023,19.6
Rhône,10,2023,14.3
Rhône,11,2023,6.6
Rhône,12,2023,1.8
Rhône,1,2024,2.3
Rhône,2,2024,4.6
Rhône,3,2024,9.5
Rhône,4,2024,13.7
Rhône,5,2024,18.3
Rhône,6,2024,21.8
Rhône,7,2024,24.2
Rhône,8,2024,22.4
Rhône,9,2024,17.6
Rhône,10,2024,15.2
Rhône,11,2024,9.4
Rhône,12,2024,4.8
Isère,1,2018,0.4
Isère,2,2018,3.7
Isère,3,2018,7.5
Isère,4,2018,12.8
Isère,5,2018,19.1
Isère,6,2018,22.5
Isère,7,2018,24.1
Isère,8,2018,22.5
Isère,9,2018,18.2
Isère,10,2018,10.5
Isère,11,2018,6.9
Isère,12,2018,2.3
Isère,1,2019,0.1
Isère,2,2019,4.5
Isère,3,2019,8.6
Isère,4,2019,13.7
Isère,5,2019,18.1
Isère,6,2019,23.2
Isère,7,2019,23.4
Isère,8,2019,22.1
Isère,9,2019,16.8
Isère,10,2019,12.8
Isère,11,2019,6.9
Isère,12,2019,1.6
Isère,1,2020,1.3
Isère,2,2020,2.8
Isère,3,2020,8.7
Isère,4,2020,13.3
Isère,5,2020,17.9
Isère,6,2020,22.1
Isère,7,2020,23.4
Isère,8,2020,21.7
Isère,9,2020,16.8
Isère,10,2020,12.2
Isère,11,2020,6.2
Isère,12,2020,1.6
Isère,1,2021,2.0
Isère,2,2021,3.3
Isère,3,2021,5.2
Isère,4,2021,12.3
Isère,5,2021,18.9
Isère,6,2021,23.0
Isère,7,2021,24.5
Isère,8,2021,22.0
Isère,9,2021,17.1
Isère,10,2021,11.4
Isère,11,2021,7.3
Isère,12,2021,3.3
Isère,1,2022,2.8
Isère,2,2022,4.1
Isère,3,2022,6.8
Isère,4,2022,11.2
Isère,5,2022,17.7
Isère,6,2022,22.2
Isère,7,2022,23.3
Isère,8,2022,21.4
Isère,9,2022,18.2
Isère,10,2022,12.0
Isère,11,2022,6.4
Isère,12,2022,3.3
Isère,1,2023,1.1
Isère,2,2023,3.3
Isère,3,2023,7.3
Isère,4,2023,11.4
Isère,5,2023,17.5
Isère,6,2023,23.5
Isère,7,2023,22.4
Isère,8,2023,19.9
Isère,9,2023,16.2
Isère,10,2023,12.5
Isère,11,2023,7.1
Isère,12,2023,2.9
Isère,1,2024,2.8
Isère,2,2024,0.4
Isère,3,2024,7.5
Isère,4,2024,14.1
Isère,5,2024,16.9
Isère,6,2024,21.7
Isère,7,2024,22.8
Isère,8,2024,21.2
Isère,9,2024,17.7
Isère,10,2024,14.0
Isère,11,2024,8.9
Isère,12,2024,2.7
Bas-Rhin,1,2018,2.3
Bas-Rhin,2,2018,2.0
Bas-Rhin,3,2018,7.7
Bas-Rhin,4,2018,11.3
Bas-Rhin,5,2018,17.1
Bas-Rhin,6,2018,21.3
Bas-Rhin,7,2018,25.6
Bas-Rhin,8,2018,21.8
Bas-Rhin,9,2018,16.2
Bas-Rhin,10,2018,12.4
Bas-Rhin,11,2018,5.6
Bas-Rhin,12,2018,1.4
Bas-Rhin,1,2019,1.4
Bas-Rhin,2,2019,2.0
Bas-Rhin,3,2019,6.2
Bas-Rhin,4,2019,11.5
Bas-Rhin,5,2019,17.3
Bas-Rhin,6,2019,21.4
Bas-Rhin,7,2019,20.5
Bas-Rhin,8,2019,21.6
Bas-Rhin,9,2019,16.0
Bas-Rhin,10,2019,10.0
Bas-Rhin,11,2019,5.9
Bas-Rhin,12,2019,2.0
Bas-Rhin,1,2020,-0.2
Bas-Rhin,2,2020,2.8
Bas-Rhin,3,2020,4.7
Bas-Rhin,4,2020,11.1
Bas-Rhin,5,2020,16.4
Bas-Rhin,6,2020,21.0
Bas-Rhin,7,2020,22.8
Bas-Rhin,8,2020,20.0
Bas-Rhin,9,2020,17.7
Bas-Rhin,10,2020,11.6
Bas-Rhin,11,2020,4.1
Bas-Rhin,12,2020,0.0
Bas-Rhin,1,2021,0.5
Bas-Rhin,2,2021,1.8
Bas-Rhin,3,2021,5.9
Bas-Rhin,4,2021,11.5
Bas-Rhin,5,2021,17.3
Bas-Rhin,6,2021,22.0
Bas-Rhin,7,2021,21.4
Bas-Rhin,8,2021,19.9
Bas-Rhin,9,2021,15.9
Bas-Rhin,10,2021,11.8
Bas-Rhin,11,2021,7.3
Bas-Rhin,12,2021,1.6
Bas-Rhin,1,2022,-1.9
Bas-Rhin,2,2022,0.4
Bas-Rhin,3,2022,5.2
Bas-Rhin,4,2022,11.0
Bas-Rhin,5,2022,16.7
Bas-Rhin,6,2022,21.1
Bas-Rhin,7,2022,22.3
Bas-Rhin,8,2022,22.1
Bas-Rhin,9,2022,16.4
Bas-Rhin,10,2022,10.7
Bas-Rhin,11,2022,6.6
Bas-Rhin,12,2022,0.5
Bas-Rhin,1,2023,1.0
Bas-Rhin,2,2023,2.2
Bas-Rhin,3,2023,6.0
Bas-Rhin,4,2023,13.2
Bas-Rhin,5,2023,16.5
Bas-Rhin,6,2023,23.2
Bas-Rhin,7,2023,22.4
Bas-Rhin,8,2023,19.8
Bas-Rhin,9,2023,17.2
Bas-Rhin,10,2023,10.5
Bas-Rhin,11,2023,5.4
Bas-Rhin,12,2023,2.5
Bas-Rhin,1,2024,1.2
Bas-Rhin,2,2024,1.5
Bas-Rhin,3,2024,7.1
Bas-Rhin,4,2024,12.8
Bas-Rhin,5,2024,18.6
Bas-Rhin,6,2024,21.7
Bas-Rhin,7,2024,24.0
Bas-Rhin,8,2024,19.3
Bas-Rhin,9,2024,16.8
Bas-Rhin,10,2024,10.8
Bas-Rhin,11,2024,6.3
Bas-Rhin,12,2024,1.6
Calvados,1,2018,0.9
Calvados,2,2018,4.4
Calvados,3,2018,6.4
Calvados,4,2018,12.4
Calvados,5,2018,17.3
Calvados,6,2018,21.6
Calvados,7,2018,23.0
Calvados,8,2018,22.0
Calvados,9,2018,18.7
Calvados,10,2018,13.7
Calvados,11,2018,6.8
Calvados,12,2018,3.1
Calvados,1,2019,-0.1
Calvados,2,2019,2.5
Calvados,3,2019,7.5
Calvados,4,2019,12.9
Calvados,5,2019,17.8
Calvados,6,2019,22.4
Calvados,7,2019,23.6
Calvados,8,2019,22.8
Calvados,9,2019,17.8
Calvados,10,2019,11.7
Calvados,11,2019,6.9
Calvados,12,2019,-0.4
Calvados,1,2020,1.5
Calvados,2,2020,-1.0
Calvados,3,2020,4.9
Calvados,4,2020,12.6
Calvados,5,2020,18.1
Calvados,6,2020,20.4
Calvados,7,2020,22.4
Calvados,8,2020,23.0
Calvados,9,2020,17.1
Calvados,10,2020,14.3
Calvados,11,2020,6.6
Calvados,12,2020,3.0
Calvados,1,2021,2.8
Calvados,2,2021,2.8
Calvados,3,2021,5.6
Calvados,4,2021,12.0
Calvados,5,2021,17.6
Calvados,6,2021,20.3
Calvados,7,2021,22.9
Calvados,8,2021,20.9
Calvados,9,2021,18.6
Calvados,10,2021,12.2
Calvados,11,2021,6.4
Calvados,12,2021,2.5
Calvados,1,2022,1.4
Calvados,2,2022,3.3
Calvados,3,2022,5.7
Calvados,4,2022,11.1
Calvados,5,2022,18.8
Calvados,6,2022,21.3
Calvados,7,2022,21.8
Calvados,8,2022,22.1
Calvados,9,2022,18.1
Calvados,10,2022,10.6
Calvados,11,2022,6.9
Calvados,12,2022,3.4
Calvados,1,2023,1.6
Calvados,2,2023,3.4
Calvados,3,2023,5.3
Calvados,4,2023,12.6
Calvados,5,2023,17.4
Calvados,6,2023,21.2
Calvados,7,2023,24.1
Calvados,8,2023,23.2
Calvados,9,2023,19.5
Calvados,10,2023,13.5
Calvados,11,2023,6.6
Calvados,12,2023,3.1
Calvados,1,2024,2.0
Calvados,2,2024,2.9
Calvados,3,2024,6.9
Calvados,4,2024,13.1
Calvados,5,2024,17.7
Calvados,6,2024,21.0
Calvados,7,2024,22.8
Calvados,8,2024,22.4
Calvados,9,2024,17.8
Calvados,10,2024,12.6
Calvados,11,2024,7.4
Calvados,12,2024,2.4
Finistère,1,2018,2.1
Finistère,2,2018,3.2
Finistère,3,2018,5.6
Finistère,4,2018,13.8
Finistère,5,2018,17.3
Finistère,6,2018,20.2
Finistère,7,2018,22.3
Finistère,8,2018,20.8
Finistère,9,2018,17.9
Finistère,10,2018,12.0
Finistère,11,2018,6.5
Finistère,12,2018,3.4
Finistère,1,2019,1.7
Finistère,2,2019,3.2
Finistère,3,2019,7.3
Finistère,4,2019,13.0
Finistère,5,2019,15.8
Finistère,6,2019,21.5
Finistère,7,2019,21.2
Finistère,8,2019,21.9
Finistère,9,2019,17.9
Finistère,10,2019,13.4
Finistère,11,2019,8.0
Finistère,12,2019,3.1
Finistère,1,2020,0.9
Finistère,2,2020,3.4
Finistère,3,2020,6.4
Finistère,4,2020,12.4
Finistère,5,2020,18.9
Finistère,6,2020,21.3
Finistère,7,2020,24.2
Finistère,8,2020,22.6
Finistère,9,2020,16.9
Finistère,10,2020,13.4
Finistère,11,2020,7.6
Finistère,12,2020,3.0
Finistère,1,2021,0.7
Finistère,2,2021,2.1
Finistère,3,2021,6.4
Finistère,4,2021,13.0
Finistère,5,2021,17.0
Finistère,6,2021,22.4
Finistère,7,2021,22.2
Finistère,8,2021,21.7
Finistère,9,2021,18.0
Finistère,10,2021,14.9
Finistère,11,2021,5.6
Finistère,12,2021,4.4
Finistère,1,2022,1.6
Finistère,2,2022,3.4
Finistère,3,2022,7.1
Finistère,4,2022,12.9
Finistère,5,2022,17.8
Finistère,6,2022,23.4
Finistère,7,2022,23.0
Finistère,8,2022,23.1
Finistère,9,2022,17.3
Finistère,10,2022,12.4
Finistère,11,2022,5.9
Finistère,12,2022,3.4
Finistère,1,2023,3.0
Finistère,2,2023,2.9
Finistère,3,2023,6.8
Finistère,4,2023,11.4
Finistère,5,2023,17.8
Finistère,6,2023,20.4
Finistère,7,2023,22.6
Finistère,8,2023,22.2
Finistère,9,2023,19.3
Finistère,10,2023,15.3
Finistère,11,2023,6.4
Finistère,12,2023,4.5
Finistère,1,2024,1.8
Finistère,2,2024,2.9
Finistère,3,2024,7.5
Finistère,4,2024,12.6
Finistère,5,2024,18.2
Finistère,6,2024,21.7
Finistère,7,2024,22.2
Finistère,8,2024,20.5
Finistère,9,2024,18.7
Finistère,10,2024,12.3
Finistère,11,2024,6.5
Finistère,12,2024,3.1
Hérault,1,2018,5.4
Hérault,2,2018,6.3
Hérault,3,2018,9.5
Hérault,4,2018,16.8
Hérault,5,2018,22.7
Hérault,6,2018,25.6
Hérault,7,2018,27.6
Hérault,8,2018,26.4
Hérault,9,2018,22.3
Hérault,10,2018,16.2
Hérault,11,2018,10.7
Hérault,12,2018,6.6
Hérault,1,2019,3.6
Hérault,2,2019,6.9
Hérault,3,2019,8.8
Hérault,4,2019,14.9
Hérault,5,2019,22.5
Hérault,6,2019,26.0
Hérault,7,2019,28.1
Hérault,8,2019,24.9
Hérault,9,2019,20.0
Hérault,10,2019,15.4
Hérault,11,2019,10.3
Hérault,12,2019,6.2
Hérault,1,2020,5.8
Hérault,2,2020,5.8
Hérault,3,2020,10.6
Hérault,4,2020,14.7
Hérault,5,2020,21.7
Hérault,6,2020,25.2
Hérault,7,2020,26.0
Hérault,8,2020,25.0
Hérault,9,2020,21.0
Hérault,10,2020,15.4
Hérault,11,2020,12.0
Hérault,12,2020,6.1
Hérault,1,2021,4.5
Hérault,2,2021,4.1
Hérault,3,2021,9.3
Hérault,4,2021,15.5
Hérault,5,2021,20.6
Hérault,6,2021,26.6
Hérault,7,2021,26.6
Hérault,8,2021,26.5
Hérault,9,2021,21.3
Hérault,10,2021,15.8
Hérault,11,2021,10.2
Hérault,12,2021,6.2
Hérault,1,2022,6.5
Hérault,2,2022,4.0
Hérault,3,2022,8.3
Hérault,4,2022,15.2
Hérault,5,2022,21.3
Hérault,6,2022,26.0
Hérault,7,2022,27.3
Hérault,8,2022,24.9
Hérault,9,2022,22.3
Hérault,10,2022,16.8
Hérault,11,2022,10.5
Hérault,12,2022,7.2
Hérault,1,2023,5.1
Hérault,2,2023,5.8
Hérault,3,2023,11.0
Hérault,4,2023,15.9
Hérault,5,2023,21.3
Hérault,6,2023,26.8
Hérault,7,2023,24.4
Hérault,8,2023,23.9
Hérault,9,2023,20.1
Hérault,10,2023,15.5
Hérault,11,2023,10.1
Hérault,12,2023,4.8
Hérault,1,2024,3.9
Hérault,2,2024,5.5
Hérault,3,2024,12.8
Hérault,4,2024,17.7
Hérault,5,2024,20.9
Hérault,6,2024,25.0
Hérault,7,2024,25.7
Hérault,8,2024,23.5
Hérault,9,2024,21.2
Hérault,10,2024,14.9
Hérault,11,2024,10.3
Hérault,12,2024,4.8
Puy-de-Dôme,1,2018,-0.2
Puy-de-Dôme,2,2018,2.2
Puy-de-Dôme,3,2018,6.4
Puy-de-Dôme,4,2018,11.9
Puy-de-Dôme,5,2018,15.7
Puy-de-Dôme,6,2018,21.9
Puy-de-Dôme,7,2018,21.7
Puy-de-Dôme,8,2018,21.7
Puy-de-Dôme,9,2018,17.0
Puy-de-Dôme,10,2018,10.1
Puy-de-Dôme,11,2018,5.7
Puy-de-Dôme,12,2018,2.4
Puy-de-Dôme,1,2019,1.2
Puy-de-Dôme,2,2019,1.9
Puy-de-Dôme,3,2019,7.6
Puy-de-Dôme,4,2019,12.6
Puy-de-Dôme,5,2019,16.8
Puy-de-Dôme,6,2019,21.8
Puy-de-Dôme,7,2019,24.5
Puy-de-Dôme,8,2019,23.0
Puy-de-Dôme,9,2019,15.8
Puy-de-Dôme,10,2019,10.6
Puy-de-Dôme,11,2019,7.5
Puy-de-Dôme,12,2019,1.0
Puy-de-Dôme,1,2020,-0.7
Puy-de-Dôme,2,2020,1.6
Puy-de-Dôme,3,2020,6.5
Puy-de-Dôme,4,2020,11.5
Puy-de-Dôme,5,2020,16.4
Puy-de-Dôme,6,2020,20.4
Puy-de-Dôme,7,2020,21.9
Puy-de-Dôme,8,2020,20.2
Puy-de-Dôme,9,2020,19.4
Puy-de-Dôme,10,2020,11.9
Puy-de-Dôme,11,2020,7.0
Puy-de-Dôme,12,2020,1.6
Puy-de-Dôme,1,2021,0.5
Puy-de-Dôme,2,2021,1.4
Puy-de-Dôme,3,2021,3.5
Puy-de-Dôme,4,2021,10.3
Puy-de-Dôme,5,2021,15.3
Puy-de-Dôme,6,2021,18.9
Puy-de-Dôme,7,2021,21.4
Puy-de-Dôme,8,2021,22.5
Puy-de-Dôme,9,2021,17.1
Puy-de-Dôme,10,2021,12.9
Puy-de-Dôme,11,2021,6.6
Puy-de-Dôme,12,2021,2.9
Puy-de-Dôme,1,2022,-0.2
Puy-de-Dôme,2,2022,2.7
Puy-de-Dôme,3,2022,6.9
Puy-de-Dôme,4,2022,11.1
Puy-de-Dôme,5,2022,17.7
Puy-de-Dôme,6,2022,21.7
Puy-de-Dôme,7,2022,22.1
Puy-de-Dôme,8,2022,20.1
Puy-de-Dôme,9,2022,16.0
Puy-de-Dôme,10,2022,11.8
Puy-de-Dôme,11,2022,6.5
Puy-de-Dôme,12,2022,1.4
Puy-de-Dôme,1,2023,0.7
Puy-de-Dôme,2,2023,2.8
Puy-de-Dôme,3,2023,6.8
Puy-de-Dôme,4,2023,13.3
Puy-de-Dôme,5,2023,18.5
Puy-de-Dôme,6,2023,20.2
Puy-de-Dôme,7,2023,24.4
Puy-de-Dôme,8,2023,20.7
Puy-de-Dôme,9,2023,18.3
Puy-de-Dôme,10,2023,11.8
Puy-de-Dôme,11,2023,5.8
Puy-de-Dôme,12,2023,0.4
Puy-de-Dôme,1,2024,0.6
Puy-de-Dôme,2,2024,0.7
Puy-de-Dôme,3,2024,7.2
Puy-de-Dôme,4,2024,13.3
Puy-de-Dôme,5,2024,16.5
Puy-de-Dôme,6,2024,21.6
Puy-de-Dôme,7,2024,22.0
Puy-de-Dôme,8,2024,20.6
Puy-de-Dôme,9,2024,18.0
Puy-de-Dôme,10,2024,11.7
Puy-de-Dôme,11,2024,8.0
Puy-de-Dôme,12,2024,1.8
